23,23,OKLAHOMA,40,2007,2,Hail,C,7,BEAVER,0,0,0,0,0,0,1,
23,23,OKLAHOMA,40,2007,2,Hail,C,45,ELLIS,0,0,0,0,0,0,0.75,
23,23,OKLAHOMA,40,2007,2,Hail,C,153,WOODWARD,0,0,0,0,0,0,0.75,
23,23,OKLAHOMA,40,2007,2,Thunderstorm Wind,C,153,WOODWARD,0,0,0,0,0,0,59,
23,23,OKLAHOMA,40,2007,2,Hail,C,45,ELLIS,0,0,0,0,0,0,1.75,
23,23,OKLAHOMA,40,2007,2,Hail,C,55,GREER,0,0,0,0,0,0,0.75,
23,23,OKLAHOMA,40,2007,2,Hail,C,55,GREER,0,0,0,0,0,0,0.75,
24,24,OKLAHOMA,40,2007,2,Thunderstorm Wind,C,61,HASKELL,0,0,0,0,5000,0,52,
24,24,OKLAHOMA,40,2007,2,Thunderstorm Wind,C,79,LE FLORE,2,0,0,0,100000,0,61,
1,1,OKLAHOMA,40,2007,3,Hail,C,117,PAWNEE,0,0,0,0,0,0,0.88,
1,1,OKLAHOMA,40,2007,3,Hail,C,117,PAWNEE,0,0,0,0,0,0,1,
1,1,OKLAHOMA,40,2007,3,Hail,C,117,PAWNEE,0,0,0,0,0,0,0.88,
1,1,OKLAHOMA,40,2007,3,Hail,C,113,OSAGE,0,0,0,0,0,0,0.75,
1,1,OKLAHOMA,40,2007,3,Hail,C,143,TULSA,0,0,0,0,0,0,0.75,
1,1,OKLAHOMA,40,2007,3,Hail,C,143,TULSA,0,0,0,0,0,0,0.88,
1,1,OKLAHOMA,40,2007,3,Hail,C,131,ROGERS,0,0,0,0,0,0,0.88,
1,1,OKLAHOMA,40,2007,3,Hail,C,131,ROGERS,0,0,0,0,0,0,0.75,
1,1,OKLAHOMA,40,2007,3,Thunderstorm Wind,C,97,MAYES,0,0,0,0,0,0,52,
1,1,OKLAHOMA,40,2007,3,Hail,C,97,MAYES,0,0,0,0,0,0,0.88,
1,1,OKLAHOMA,40,2007,3,Hail,C,61,HASKELL,0,0,0,0,0,0,0.88,
1,1,OKLAHOMA,40,2007,3,Hail,C,79,LE FLORE,0,0,0,0,0,0,0.75,
1,1,OKLAHOMA,40,2007,3,Hail,C,135,SEQUOYAH,0,0,0,0,0,0,0.75,
1,1,OKLAHOMA,40,2007,3,Hail,C,41,DELAWARE,0,0,0,0,0,0,1,
9,9,OKLAHOMA,40,2007,3,Hail,C,61,HASKELL,0,0,0,0,0,0,0.75,
9,9,OKLAHOMA,40,2007,3,Hail,C,77,LATIMER,0,0,0,0,0,0,1,
9,9,OKLAHOMA,40,2007,3,Hail,C,135,SEQUOYAH,0,0,0,0,0,0,0.88,
9,9,OKLAHOMA,40,2007,3,Hail,C,35,CRAIG,0,0,0,0,0,0,1,
9,9,OKLAHOMA,40,2007,3,Hail,C,35,CRAIG,0,0,0,0,0,0,0.88,
9,9,OKLAHOMA,40,2007,3,Hail,C,77,LATIMER,0,0,0,0,0,0,1,
9,9,OKLAHOMA,40,2007,3,Hail,C,79,LE FLORE,0,0,0,0,0,0,0.88,
9,9,OKLAHOMA,40,2007,3,Hail,C,97,MAYES,0,0,0,0,0,0,1,
9,9,OKLAHOMA,40,2007,3,Hail,C,89,MCCURTAIN,0,0,0,0,0,0,1,
9,9,OKLAHOMA,40,2007,3,Hail,C,89,MCCURTAIN,0,0,0,0,0,0,1,
9,9,OKLAHOMA,40,2007,3,Hail,C,89,MCCURTAIN,0,0,0,0,0,0,0.88,
9,9,OKLAHOMA,40,2007,3,Hail,C,89,MCCURTAIN,0,0,0,0,0,0,0.88,
10,10,OKLAHOMA,40,2007,3,Hail,C,45,ELLIS,0,0,0,0,0,0,0.88,
10,10,OKLAHOMA,40,2007,3,Hail,C,139,TEXAS,0,0,0,0,0.0,0.0,1,
10,10,OKLAHOMA,40,2007,3,Hail,C,7,BEAVER,0,0,0,0,0.0,0.0,0.75,
10,10,OKLAHOMA,40,2007,3,Hail,C,139,TEXAS,0,0,0,0,0.0,0.0,1.75,
11,11,OKLAHOMA,40,2007,3,Thunderstorm Wind,C,65,JACKSON,0,0,0,0,0,0,67,
11,11,OKLAHOMA,40,2007,3,Thunderstorm Wind,C,65,JACKSON,0,0,0,0,0,0,61,
11,11,OKLAHOMA,40,2007,3,Thunderstorm Wind,C,65,JACKSON,0,0,0,0,0,0,63,
11,11,OKLAHOMA,40,2007,3,Hail,C,67,JEFFERSON,0,0,0,0,0,0,1,
11,11,OKLAHOMA,40,2007,3,Hail,C,137,STEPHENS,0,0,0,0,0,0,1,
11,11,OKLAHOMA,40,2007,3,Hail,C,137,STEPHENS,0,0,0,0,0,0,0.75,
13,13,OKLAHOMA,40,2007,3,Thunderstorm Wind,C,19,CARTER,0,0,0,0,0,0,56,
13,13,OKLAHOMA,40,2007,3,Thunderstorm Wind,C,19,CARTER,0,0,0,0,0,0,53,
13,13,OKLAHOMA,40,2007,3,Hail,C,99,MURRAY,0,0,0,0,0,0,0.75,
13,13,OKLAHOMA,40,2007,3,Hail,C,95,MARSHALL,0,0,0,0,0,0,0.75,
19,19,OKLAHOMA,40,2007,3,Hail,C,103,NOBLE,0,0,0,0,0,0,1.25,
19,19,OKLAHOMA,40,2007,3,Hail,C,71,KAY,0,0,0,0,0,0,1.25,
19,19,OKLAHOMA,40,2007,3,Hail,C,71,KAY,0,0,0,0,0,0,1.5,
20,20,OKLAHOMA,40,2007,3,Hail,C,103,NOBLE,0,0,0,0,0,0,0.88,
20,20,OKLAHOMA,40,2007,3,Flash Flood,C,103,NOBLE,0,0,0,0,0,0,,
20,20,OKLAHOMA,40,2007,3,Hail,C,153,WOODWARD,0,0,0,0,0,0,0.88,
20,20,OKLAHOMA,40,2007,3,Flash Flood,C,71,KAY,0,0,0,0,0,0,,
20,20,OKLAHOMA,40,2007,3,Flash Flood,C,71,KAY,0,0,0,0,0,0,,
20,20,OKLAHOMA,40,2007,3,Flash Flood,C,71,KAY,0,0,0,0,0,0,,
20,20,OKLAHOMA,40,2007,3,Flash Flood,C,71,KAY,0,0,0,0,0,0,,
20,20,OKLAHOMA,40,2007,3,Flash Flood,C,71,KAY,0,0,0,0,0,0,,
20,20,OKLAHOMA,40,2007,3,Flash Flood,C,71,KAY,0,0,0,0,0,0,,
21,21,OKLAHOMA,40,2007,3,Hail,C,149,WASHITA,0,0,0,0,0,0,0.75,
22,22,OKLAHOMA,40,2007,3,Thunderstorm Wind,C,43,DEWEY,0,0,0,0,0,0,56,
22,22,OKLAHOMA,40,2007,3,Thunderstorm Wind,C,149,WASHITA,0,0,0,0,20000,0,52,
23,23,OKLAHOMA,40,2007,3,Thunderstorm Wind,C,119,PAYNE,0,0,0,0,0,0,56,
23,23,OKLAHOMA,40,2007,3,Thunderstorm Wind,C,119,PAYNE,0,0,0,0,0,0,56,
23,23,OKLAHOMA,40,2007,3,Hail,C,139,TEXAS,0,0,0,0,0.0,0.0,0.75,
23,23,OKLAHOMA,40,2007,3,Hail,C,139,TEXAS,0,0,0,0,0.0,0.0,1.75,
23,23,OKLAHOMA,40,2007,3,Hail,C,139,TEXAS,0,0,0,0,0.0,0.0,1,
23,23,OKLAHOMA,40,2007,3,Tornado,C,139,TEXAS,0,0,0,0,0,0,,EF0
23,23,OKLAHOMA,40,2007,3,Hail,C,139,TEXAS,0,0,0,0,0.0,0.0,1,
23,23,OKLAHOMA,40,2007,3,Hail,C,7,BEAVER,0,0,0,0,0.0,0.0,1.75,
24,24,OKLAHOMA,40,2007,3,Thunderstorm Wind,C,43,DEWEY,0,0,0,0,0,0,60,
24,24,OKLAHOMA,40,2007,3,Thunderstorm Wind,C,43,DEWEY,0,0,0,0,50000,0,52,
24,24,OKLAHOMA,40,2007,3,Thunderstorm Wind,C,151,WOODS,0,0,0,0,5000,0,52,
24,24,OKLAHOMA,40,2007,3,Thunderstorm Wind,C,153,WOODWARD,0,0,0,0,0,0,71,
24,24,OKLAHOMA,40,2007,3,Thunderstorm Wind,C,151,WOODS,0,0,0,0,5000,0,52,
24,24,OKLAHOMA,40,2007,3,Thunderstorm Wind,C,151,WOODS,0,0,0,0,2000,0,52,
24,24,OKLAHOMA,40,2007,3,Thunderstorm Wind,C,151,WOODS,0,0,0,0,1500,0,59,
24,24,OKLAHOMA,40,2007,3,Thunderstorm Wind,C,3,ALFALFA,0,0,0,0,0,0,52,
26,26,OKLAHOMA,40,2007,3,Funnel Cloud,C,47,GARFIELD,0,0,0,0,0,0,,
26,26,OKLAHOMA,40,2007,3,Funnel Cloud,C,47,GARFIELD,0,0,0,0,0,0,,
28,28,OKLAHOMA,40,2007,3,Hail,C,7,BEAVER,0,0,0,0,0.0,0.0,0.75,
28,28,OKLAHOMA,40,2007,3,Tornado,C,7,BEAVER,0,0,2,0,102000,0.0,,EF2
28,28,OKLAHOMA,40,2007,3,Hail,C,7,BEAVER,0,0,0,0,0.0,0.0,1,
28,28,OKLAHOMA,40,2007,3,Hail,C,7,BEAVER,0,0,0,0,0.0,0.0,1,
28,28,OKLAHOMA,40,2007,3,Hail,C,139,TEXAS,0,0,0,0,0.0,0.0,1.5,
28,28,OKLAHOMA,40,2007,3,Hail,C,139,TEXAS,0,0,0,0,0.0,0.0,1,
28,28,OKLAHOMA,40,2007,3,Hail,C,139,TEXAS,0,0,0,0,0.0,0.0,1,
28,28,OKLAHOMA,40,2007,3,Hail,C,139,TEXAS,0,0,0,0,0.0,0.0,1.75,
28,28,OKLAHOMA,40,2007,3,Thunderstorm Wind,C,7,BEAVER,0,0,0,0,23000,0.0,56,
28,28,OKLAHOMA,40,2007,3,Tornado,C,7,BEAVER,0,0,0,0,58000,0.0,,EF2
28,28,OKLAHOMA,40,2007,3,Hail,C,7,BEAVER,0,0,0,0,0.0,0.0,1,
28,28,OKLAHOMA,40,2007,3,Thunderstorm Wind,C,7,BEAVER,0,0,0,0,0.0,0.0,61,
29,29,OKLAHOMA,40,2007,3,Hail,C,59,HARPER,0,0,0,0,0,0,0.75,
29,29,OKLAHOMA,40,2007,3,Hail,C,59,HARPER,0,0,0,0,0,0,0.88,
29,29,OKLAHOMA,40,2007,3,Hail,C,43,DEWEY,0,0,0,0,0,0,0.75,
29,29,OKLAHOMA,40,2007,3,Flash Flood,C,7,BEAVER,0,0,0,0,0,0,,
29,29,OKLAHOMA,40,2007,3,Hail,C,149,WASHITA,0,0,0,0,0,0,0.75,
29,29,OKLAHOMA,40,2007,3,Tornado,C,11,BLAINE,0,0,0,0,50000,0,,EF1
29,29,OKLAHOMA,40,2007,3,Tornado,C,17,CANADIAN,5,0,0,0,500000,0,,EF2
29,29,OKLAHOMA,40,2007,3,Tornado,C,47,GARFIELD,0,0,0,0,15000,0,,EF0
29,29,OKLAHOMA,40,2007,3,Tornado,C,53,GRANT,0,0,0,0,15000,0,,EF0
29,29,OKLAHOMA,40,2007,3,Thunderstorm Wind,C,145,WAGONER,0,0,0,0,0,0,52,
29,29,OKLAHOMA,40,2007,3,Thunderstorm Wind,C,113,OSAGE,0,0,0,0,0,0,55,
30,30,OKLAHOMA,40,2007,3,Flash Flood,C,137,STEPHENS,0,0,0,0,0,0,,
30,30,OKLAHOMA,40,2007,3,Flash Flood,C,67,JEFFERSON,0,0,0,0,0,0,,
30,30,OKLAHOMA,40,2007,3,Flash Flood,C,67,JEFFERSON,0,0,0,0,0,0,,
30,30,OKLAHOMA,40,2007,3,Flash Flood,C,31,COMANCHE,0,0,0,0,0,0,,
30,30,OKLAHOMA,40,2007,3,Flash Flood,C,33,COTTON,0,0,0,0,0,0,,
30,30,OKLAHOMA,40,2007,3,Flash Flood,C,33,COTTON,0,0,0,0,0,0,,
30,30,OKLAHOMA,40,2007,3,Flash Flood,C,33,COTTON,0,0,0,0,0,0,,
30,30,OKLAHOMA,40,2007,3,Flash Flood,C,137,STEPHENS,0,0,0,0,0,0,,
30,30,OKLAHOMA,40,2007,3,Flash Flood,C,33,COTTON,0,0,0,0,0,0,,
30,30,OKLAHOMA,40,2007,3,Flash Flood,C,19,CARTER,0,0,0,0,0,0,,
30,30,OKLAHOMA,40,2007,3,Thunderstorm Wind,C,123,PONTOTOC,0,0,0,0,1000,0,52,
30,31,OKLAHOMA,40,2007,3,Flash Flood,C,99,MURRAY,0,0,0,0,0,0,,
30,30,OKLAHOMA,40,2007,3,Thunderstorm Wind,C,107,OKFUSKEE,0,0,0,0,2000,0,55,
30,30,OKLAHOMA,40,2007,3,Flash Flood,C,99,MURRAY,0,0,0,0,0,0,,
3,3,OKLAHOMA,40,2007,4,Hail,C,89,MCCURTAIN,0,0,0,0,0,0,0.88,
10,10,OKLAHOMA,40,2007,4,Hail,C,31,COMANCHE,0,0,0,0,0,0,1.75,
10,10,OKLAHOMA,40,2007,4,Hail,C,31,COMANCHE,0,0,0,0,0,0,1,
10,10,OKLAHOMA,40,2007,4,Hail,C,51,GRADY,0,0,0,0,0,0,1.75,
10,10,OKLAHOMA,40,2007,4,Hail,C,137,STEPHENS,0,0,0,0,0,0,1.75,
10,10,OKLAHOMA,40,2007,4,Hail,C,137,STEPHENS,0,0,0,0,0,0,0.88,
10,10,OKLAHOMA,40,2007,4,Hail,C,137,STEPHENS,0,0,0,0,0,0,1.75,
10,10,OKLAHOMA,40,2007,4,Thunderstorm Wind,C,137,STEPHENS,0,0,0,0,0,0,52,
10,10,OKLAHOMA,40,2007,4,Hail,C,49,GARVIN,0,0,0,0,0,0,1.75,
10,10,OKLAHOMA,40,2007,4,Hail,C,137,STEPHENS,0,0,0,0,0,0,0.88,
10,10,OKLAHOMA,40,2007,4,Hail,C,27,CLEVELAND,0,0,0,0,0,0,0.75,
10,10,OKLAHOMA,40,2007,4,Hail,C,27,CLEVELAND,0,0,0,0,0,0,0.75,
10,10,OKLAHOMA,40,2007,4,Hail,C,51,GRADY,0,0,0,0,0,0,0.88,
10,10,OKLAHOMA,40,2007,4,Hail,C,123,PONTOTOC,0,0,0,0,0,0,0.88,
10,10,OKLAHOMA,40,2007,4,Hail,C,123,PONTOTOC,0,0,0,0,0,0,1,
10,10,OKLAHOMA,40,2007,4,Thunderstorm Wind,C,69,JOHNSTON,0,0,0,0,0,0,52,
10,10,OKLAHOMA,40,2007,4,Hail,C,127,PUSHMATAHA,0,0,0,0,0,0,0.88,
10,10,OKLAHOMA,40,2007,4,Hail,C,77,LATIMER,0,0,0,0,0,0,0.75,
10,10,OKLAHOMA,40,2007,4,Hail,C,121,PITTSBURG,0,0,0,0,0,0,0.88,
10,10,OKLAHOMA,40,2007,4,Thunderstorm Wind,C,121,PITTSBURG,0,0,0,0,100000,0,78,
10,10,OKLAHOMA,40,2007,4,Hail,C,77,LATIMER,0,0,0,0,0,0,0.88,
10,10,OKLAHOMA,40,2007,4,Hail,C,127,PUSHMATAHA,0,0,0,0,0,0,1,
10,10,OKLAHOMA,40,2007,4,Hail,C,121,PITTSBURG,0,0,0,0,0,0,0.75,
10,10,OKLAHOMA,40,2007,4,Hail,C,79,LE FLORE,0,0,0,0,0,0,0.88,
13,13,OKLAHOMA,40,2007,4,Hail,C,55,GREER,0,0,0,0,0,0,1,
13,13,OKLAHOMA,40,2007,4,Hail,C,55,GREER,0,0,0,0,0,0,1.75,
13,13,OKLAHOMA,40,2007,4,Hail,C,55,GREER,0,0,0,0,0,0,0.88,
13,13,OKLAHOMA,40,2007,4,Hail,C,149,WASHITA,0,0,0,0,0,0,1,
13,13,OKLAHOMA,40,2007,4,Hail,C,17,CANADIAN,0,0,0,0,0,0,1,
13,13,OKLAHOMA,40,2007,4,Hail,C,9,BECKHAM,0,0,0,0,0,0,0.75,
13,13,OKLAHOMA,40,2007,4,Hail,C,73,KINGFISHER,0,0,0,0,0,0,0.75,
13,13,OKLAHOMA,40,2007,4,Thunderstorm Wind,C,73,KINGFISHER,0,0,0,0,300,0,52,
13,13,OKLAHOMA,40,2007,4,Hail,C,65,JACKSON,0,0,0,0,0,0,0.88,
13,13,OKLAHOMA,40,2007,4,Hail,C,75,KIOWA,0,0,0,0,0,0,0.88,
13,13,OKLAHOMA,40,2007,4,Hail,C,95,MARSHALL,0,0,0,0,0,0,1.75,
13,13,OKLAHOMA,40,2007,4,Thunderstorm Wind,C,95,MARSHALL,0,0,0,0,0,0,52,
13,13,OKLAHOMA,40,2007,4,Hail,C,95,MARSHALL,0,0,0,0,0,0,1.75,
13,13,OKLAHOMA,40,2007,4,Hail,C,57,HARMON,0,0,0,0,0,0,0.75,
13,13,OKLAHOMA,40,2007,4,Hail,C,127,PUSHMATAHA,0,0,0,0,0,0,1,
13,13,OKLAHOMA,40,2007,4,Hail,C,127,PUSHMATAHA,0,0,0,0,0,0,0.88,
13,13,OKLAHOMA,40,2007,4,Hail,C,79,LE FLORE,0,0,0,0,0,0,0.88,
13,13,OKLAHOMA,40,2007,4,Hail,C,79,LE FLORE,0,0,0,0,0,0,0.75,
13,13,OKLAHOMA,40,2007,4,Hail,C,143,TULSA,0,0,0,0,0,0,0.75,
13,13,OKLAHOMA,40,2007,4,Hail,C,145,WAGONER,0,0,0,0,0,0,0.75,
13,13,OKLAHOMA,40,2007,4,Hail,C,67,JEFFERSON,0,0,0,0,0,0,0.88,
13,13,OKLAHOMA,40,2007,4,Hail,C,51,GRADY,0,0,0,0,0,0,0.88,
21,21,OKLAHOMA,40,2007,4,Hail,C,25,CIMARRON,0,0,0,0,0,0,1,
21,21,OKLAHOMA,40,2007,4,Hail,C,25,CIMARRON,0,0,0,0,0,0,1,
21,21,OKLAHOMA,40,2007,4,Thunderstorm Wind,C,25,CIMARRON,0,0,0,0,3000,0,52,
21,21,OKLAHOMA,40,2007,4,Thunderstorm Wind,C,139,TEXAS,0,0,0,0,43000,0,56,
23,23,OKLAHOMA,40,2007,4,Hail,C,45,ELLIS,0,0,0,0,0,0,0.75,
23,23,OKLAHOMA,40,2007,4,Hail,C,139,TEXAS,0,0,0,0,0,0,1,
23,23,OKLAHOMA,40,2007,4,Tornado,C,59,HARPER,0,0,0,0,0,0,,EF0
23,23,OKLAHOMA,40,2007,4,Hail,C,59,HARPER,0,0,0,0,0,0,2,
23,23,OKLAHOMA,40,2007,4,Tornado,C,59,HARPER,0,0,0,0,0,0,,EF0
24,24,OKLAHOMA,40,2007,4,Hail,C,75,KIOWA,0,0,0,0,0,0,1,
24,24,OKLAHOMA,40,2007,4,Hail,C,31,COMANCHE,0,0,0,0,0,0,0.75,
24,24,OKLAHOMA,40,2007,4,Hail,C,15,CADDO,0,0,0,0,0,0,0.75,
24,24,OKLAHOMA,40,2007,4,Hail,C,31,COMANCHE,0,0,0,0,0,0,0.88,
24,24,OKLAHOMA,40,2007,4,Hail,C,33,COTTON,0,0,0,0,0,0,0.88,
24,24,OKLAHOMA,40,2007,4,Hail,C,33,COTTON,0,0,0,0,0,0,1.25,
24,24,OKLAHOMA,40,2007,4,Hail,C,31,COMANCHE,0,0,0,0,0,0,1,
24,24,OKLAHOMA,40,2007,4,Hail,C,31,COMANCHE,0,0,0,0,0,0,1,
24,24,OKLAHOMA,40,2007,4,Thunderstorm Wind,C,17,CANADIAN,0,0,0,0,200,0,52,
24,24,OKLAHOMA,40,2007,4,Hail,C,137,STEPHENS,0,0,0,0,0,0,1.75,
24,24,OKLAHOMA,40,2007,4,Hail,C,137,STEPHENS,0,0,0,0,0,0,0.75,
24,24,OKLAHOMA,40,2007,4,Thunderstorm Wind,C,103,NOBLE,0,0,0,0,0,0,56,
24,24,OKLAHOMA,40,2007,4,Hail,C,67,JEFFERSON,0,0,0,0,0,0,0.75,
24,24,OKLAHOMA,40,2007,4,Thunderstorm Wind,C,109,OKLAHOMA,0,0,0,0,0,0,56,
24,24,OKLAHOMA,40,2007,4,Hail,C,109,OKLAHOMA,0,0,0,0,0,0,0.75,
24,24,OKLAHOMA,40,2007,4,Hail,C,69,JOHNSTON,0,0,0,0,0,0,1,
24,24,OKLAHOMA,40,2007,4,Thunderstorm Wind,C,117,PAWNEE,0,0,0,0,0,0,61,
24,24,OKLAHOMA,40,2007,4,Hail,C,37,CREEK,0,0,0,0,0,0,0.75,
24,24,OKLAHOMA,40,2007,4,Tornado,C,113,OSAGE,0,0,0,0,0,0,,EF0
24,24,OKLAHOMA,40,2007,4,Thunderstorm Wind,C,117,PAWNEE,0,0,0,0,0,0,52,
24,24,OKLAHOMA,40,2007,4,Thunderstorm Wind,C,113,OSAGE,0,0,0,0,0,0,52,
24,24,OKLAHOMA,40,2007,4,Thunderstorm Wind,C,113,OSAGE,0,0,0,0,0,0,61,
24,24,OKLAHOMA,40,2007,4,Thunderstorm Wind,C,147,WASHINGTON,0,0,0,0,0,0,52,
24,24,OKLAHOMA,40,2007,4,Hail,C,29,COAL,0,0,0,0,0,0,0.75,
24,24,OKLAHOMA,40,2007,4,Thunderstorm Wind,C,91,MCINTOSH,0,0,0,0,0,0,52,
24,24,OKLAHOMA,40,2007,4,Thunderstorm Wind,C,23,CHOCTAW,0,0,0,0,20000,0,61,
24,24,OKLAHOMA,40,2007,4,Thunderstorm Wind,C,127,PUSHMATAHA,0,0,0,0,0,0,61,
24,24,OKLAHOMA,40,2007,4,Thunderstorm Wind,C,89,MCCURTAIN,0,0,0,0,0,0,53,
24,24,OKLAHOMA,40,2007,4,Hail,C,89,MCCURTAIN,0,0,0,0,0,0,0.75,
24,24,OKLAHOMA,40,2007,4,Thunderstorm Wind,C,89,MCCURTAIN,0,0,0,0,0,0,52,
24,24,OKLAHOMA,40,2007,4,Thunderstorm Wind,C,23,CHOCTAW,0,0,0,0,0,0,52,
24,24,OKLAHOMA,40,2007,4,Flash Flood,C,23,CHOCTAW,0,0,0,0,5000,0,,
24,24,OKLAHOMA,40,2007,4,Flash Flood,C,127,PUSHMATAHA,0,0,0,0,0,0,,
25,25,OKLAHOMA,40,2007,4,Hail,C,113,OSAGE,0,0,0,0,0,0,0.88,
25,25,OKLAHOMA,40,2007,4,Hail,C,105,NOWATA,0,0,0,0,0,0,0.75,
25,25,OKLAHOMA,40,2007,4,Hail,C,105,NOWATA,0,0,0,0,0,0,0.75,
25,25,OKLAHOMA,40,2007,4,Hail,C,113,OSAGE,0,0,0,0,0,0,0.88,
27,29,OKLAHOMA,40,2007,4,Lightning,C,49,GARVIN,0,0,0,0,3000000,0,,
27,27,OKLAHOMA,40,2007,4,Hail,C,149,WASHITA,0,0,0,0,0,0,0.75,
30,30,OKLAHOMA,40,2007,4,Hail,C,111,OKMULGEE,0,0,0,0,0,0,1,
30,30,OKLAHOMA,40,2007,4,Hail,C,121,PITTSBURG,0,0,0,0,0,0,0.75,
30,30,OKLAHOMA,40,2007,4,Thunderstorm Wind,C,23,CHOCTAW,0,0,0,0,0,0,61,
30,30,OKLAHOMA,40,2007,4,Hail,C,127,PUSHMATAHA,0,0,0,0,0,0,0.75,
30,30,OKLAHOMA,40,2007,4,Hail,C,23,CHOCTAW,0,0,0,0,0,0,0.88,
1,1,OKLAHOMA,40,2007,5,Hail,C,7,BEAVER,0,0,0,0,0,0,0.75,
1,1,OKLAHOMA,40,2007,5,Funnel Cloud,C,109,OKLAHOMA,0,0,0,0,0,0,,
2,2,OKLAHOMA,40,2007,5,Funnel Cloud,C,27,CLEVELAND,0,0,0,0,0,0,,
3,3,OKLAHOMA,40,2007,5,Hail,C,27,CLEVELAND,0,0,0,0,0,0,0.75,
3,3,OKLAHOMA,40,2007,5,Hail,C,125,POTTAWATOMIE,0,0,0,0,0,0,1,
3,3,OKLAHOMA,40,2007,5,Hail,C,85,LOVE,0,0,0,0,0,0,0.88,
3,3,OKLAHOMA,40,2007,5,Hail,C,85,LOVE,0,0,0,0,0,0,1.75,
3,3,OKLAHOMA,40,2007,5,Hail,C,19,CARTER,0,0,0,0,0,0,1,
4,4,OKLAHOMA,40,2007,5,Hail,C,45,ELLIS,0,0,0,0,0,0,0.88,
4,4,OKLAHOMA,40,2007,5,Hail,C,45,ELLIS,0,0,0,0,0,0,1,
4,4,OKLAHOMA,40,2007,5,Hail,C,45,ELLIS,0,0,0,0,0,0,1.75,
4,4,OKLAHOMA,40,2007,5,Tornado,C,45,ELLIS,0,0,0,0,110000,0,,EF1
4,4,OKLAHOMA,40,2007,5,Hail,C,45,ELLIS,0,0,0,0,0,0,1.75,
4,4,OKLAHOMA,40,2007,5,Tornado,C,45,ELLIS,0,0,0,0,3000,0,,EF0
4,4,OKLAHOMA,40,2007,5,Hail,C,45,ELLIS,0,0,0,0,0,0,1,
4,4,OKLAHOMA,40,2007,5,Hail,C,45,ELLIS,0,0,0,0,0,0,1.75,
4,4,OKLAHOMA,40,2007,5,Hail,C,59,HARPER,0,0,0,0,0,0,0.88,
4,4,OKLAHOMA,40,2007,5,Hail,C,45,ELLIS,0,0,0,0,0,0,2.5,
4,4,OKLAHOMA,40,2007,5,Hail,C,153,WOODWARD,0,0,0,0,0,0,1.75,
4,4,OKLAHOMA,40,2007,5,Hail,C,153,WOODWARD,0,0,0,0,0,0,3,
4,4,OKLAHOMA,40,2007,5,Hail,C,153,WOODWARD,0,0,0,0,0,0,2.5,
4,4,OKLAHOMA,40,2007,5,Hail,C,153,WOODWARD,0,0,0,0,0,0,3,
4,4,OKLAHOMA,40,2007,5,Hail,C,59,HARPER,0,0,0,0,0,0,1.75,
4,4,OKLAHOMA,40,2007,5,Hail,C,153,WOODWARD,0,0,0,0,0,0,2.75,
5,5,OKLAHOMA,40,2007,5,Hail,C,59,HARPER,0,0,0,0,0,0,1.75,
5,5,OKLAHOMA,40,2007,5,Hail,C,59,HARPER,0,0,0,0,0,0,1.75,
5,5,OKLAHOMA,40,2007,5,Hail,C,59,HARPER,0,0,0,0,0,0,1,
5,5,OKLAHOMA,40,2007,5,Hail,C,59,HARPER,0,0,0,0,0,0,1,
5,5,OKLAHOMA,40,2007,5,Hail,C,59,HARPER,0,0,0,0,0,0,0.88,
5,5,OKLAHOMA,40,2007,5,Tornado,C,129,ROGER MILLS,0,0,0,0,0,0,,EF0
5,5,OKLAHOMA,40,2007,5,Hail,C,9,BECKHAM,0,0,0,0,0,0,1.75,
5,5,OKLAHOMA,40,2007,5,Hail,C,9,BECKHAM,0,0,0,0,0,0,1.25,
5,5,OKLAHOMA,40,2007,5,Thunderstorm Wind,C,153,WOODWARD,0,0,0,0,0,0,56,
5,5,OKLAHOMA,40,2007,5,Tornado,C,129,ROGER MILLS,0,0,0,0,0,0,,EF0
5,5,OKLAHOMA,40,2007,5,Tornado,C,9,BECKHAM,1,0,0,0,5000000,0,,EF3
5,5,OKLAHOMA,40,2007,5,Tornado,C,129,ROGER MILLS,0,0,0,0,150000,0,,EF3
5,5,OKLAHOMA,40,2007,5,Tornado,C,129,ROGER MILLS,0,0,0,0,0,0,,EF0
5,5,OKLAHOMA,40,2007,5,Tornado,C,45,ELLIS,0,0,0,0,10000,0,,EF0
5,5,OKLAHOMA,40,2007,5,Tornado,C,129,ROGER MILLS,0,0,0,0,0,0,,EF1
5,5,OKLAHOMA,40,2007,5,Tornado,C,45,ELLIS,0,0,0,0,0,0,,EF0
5,5,OKLAHOMA,40,2007,5,Tornado,C,45,ELLIS,0,0,0,0,0,0,,EF0
5,5,OKLAHOMA,40,2007,5,Tornado,C,129,ROGER MILLS,0,0,0,0,5000,0,,EF1
5,5,OKLAHOMA,40,2007,5,Tornado,C,129,ROGER MILLS,0,0,0,0,5000,0,,EF1
5,5,OKLAHOMA,40,2007,5,Tornado,C,45,ELLIS,1,0,0,0,612000,0,,EF2
5,5,OKLAHOMA,40,2007,5,Tornado,C,45,ELLIS,0,0,0,0,0,0,,EF0
5,5,OKLAHOMA,40,2007,5,Tornado,C,43,DEWEY,0,0,0,0,15000,0,,EF1
5,5,OKLAHOMA,40,2007,5,Tornado,C,153,WOODWARD,0,0,0,0,300000,0,,EF2
5,5,OKLAHOMA,40,2007,5,Hail,C,153,WOODWARD,0,0,0,0,0,0,1.75,
5,5,OKLAHOMA,40,2007,5,Hail,C,153,WOODWARD,0,0,0,0,0,0,1.75,
5,5,OKLAHOMA,40,2007,5,Hail,C,153,WOODWARD,0,0,0,0,0,0,0.88,
5,5,OKLAHOMA,40,2007,5,Hail,C,153,WOODWARD,0,0,0,0,0,0,0.88,
6,6,OKLAHOMA,40,2007,5,Thunderstorm Wind,C,153,WOODWARD,0,0,0,0,0,0,52,
6,6,OKLAHOMA,40,2007,5,Thunderstorm Wind,C,153,WOODWARD,0,0,0,0,0,0,52,
6,6,OKLAHOMA,40,2007,5,Hail,C,151,WOODS,0,0,0,0,0,0,0.75,
6,6,OKLAHOMA,40,2007,5,Thunderstorm Wind,C,3,ALFALFA,0,0,0,0,0,0,52,
6,6,OKLAHOMA,40,2007,5,Hail,C,3,ALFALFA,0,0,0,0,0,0,0.88,
6,6,OKLAHOMA,40,2007,5,Hail,C,3,ALFALFA,0,0,0,0,0,0,0.88,
6,6,OKLAHOMA,40,2007,5,Hail,C,59,HARPER,0,0,0,0,0,0,1,
6,6,OKLAHOMA,40,2007,5,Hail,C,57,HARMON,0,0,0,0,0,0,1,
6,6,OKLAHOMA,40,2007,5,Hail,C,57,HARMON,0,0,0,0,0,0,0.75,
6,6,OKLAHOMA,40,2007,5,Hail,C,129,ROGER MILLS,0,0,0,0,0,0,0.75,
6,6,OKLAHOMA,40,2007,5,Hail,C,57,HARMON,0,0,0,0,0,0,1,
6,6,OKLAHOMA,40,2007,5,Hail,C,129,ROGER MILLS,0,0,0,0,0,0,0.88,
6,6,OKLAHOMA,40,2007,5,Hail,C,57,HARMON,0,0,0,0,0,0,1,
6,6,OKLAHOMA,40,2007,5,Hail,C,57,HARMON,0,0,0,0,0,0,0.75,
6,6,OKLAHOMA,40,2007,5,Hail,C,57,HARMON,0,0,0,0,0,0,0.75,
6,6,OKLAHOMA,40,2007,5,Hail,C,57,HARMON,0,0,0,0,0,0,0.75,
6,6,OKLAHOMA,40,2007,5,Hail,C,151,WOODS,0,0,0,0,0,0,0.88,
6,6,OKLAHOMA,40,2007,5,Hail,C,153,WOODWARD,0,0,0,0,0,0,0.75,
6,6,OKLAHOMA,40,2007,5,Hail,C,153,WOODWARD,0,0,0,0,0,0,1,
6,6,OKLAHOMA,40,2007,5,Hail,C,151,WOODS,0,0,0,0,0,0,0.75,
6,6,OKLAHOMA,40,2007,5,Hail,C,57,HARMON,0,0,0,0,0,0,1,
6,6,OKLAHOMA,40,2007,5,Hail,C,57,HARMON,0,0,0,0,0,0,0.75,
6,6,OKLAHOMA,40,2007,5,Hail,C,9,BECKHAM,0,0,0,0,0,0,0.75,
6,6,OKLAHOMA,40,2007,5,Thunderstorm Wind,C,9,BECKHAM,0,0,0,0,0,0,52,
6,6,OKLAHOMA,40,2007,5,Hail,C,39,CUSTER,0,0,0,0,0,0,1.75,
6,6,OKLAHOMA,40,2007,5,Thunderstorm Wind,C,39,CUSTER,0,0,0,0,0,0,52,
6,6,OKLAHOMA,40,2007,5,Hail,C,55,GREER,0,0,0,0,0,0,0.75,
6,6,OKLAHOMA,40,2007,5,Hail,C,9,BECKHAM,0,0,0,0,0,0,0.75,
6,6,OKLAHOMA,40,2007,5,Tornado,C,133,SEMINOLE,0,0,0,0,40000,0,,EF0
6,6,OKLAHOMA,40,2007,5,Tornado,C,133,SEMINOLE,0,0,0,0,15000,0,,EF0
6,6,OKLAHOMA,40,2007,5,Hail,C,113,OSAGE,0,0,0,0,0,0,0.88,
6,6,OKLAHOMA,40,2007,5,Hail,C,147,WASHINGTON,0,0,0,0,0,0,0.88,
6,6,OKLAHOMA,40,2007,5,Hail,C,113,OSAGE,0,0,0,0,0,0,0.75,
6,6,OKLAHOMA,40,2007,5,Hail,C,147,WASHINGTON,0,0,0,0,0,0,0.88,
6,6,OKLAHOMA,40,2007,5,Thunderstorm Wind,C,147,WASHINGTON,0,0,0,0,5000,0,52,
6,6,OKLAHOMA,40,2007,5,Thunderstorm Wind,C,147,WASHINGTON,0,0,0,0,0,0,52,
6,6,OKLAHOMA,40,2007,5,Thunderstorm Wind,C,147,WASHINGTON,0,0,0,0,0,0,52,
7,7,OKLAHOMA,40,2007,5,Hail,C,15,CADDO,0,0,0,0,0,0,0.88,
7,7,OKLAHOMA,40,2007,5,Hail,C,137,STEPHENS,0,0,0,0,0,0,1,
7,7,OKLAHOMA,40,2007,5,Thunderstorm Wind,C,51,GRADY,0,0,0,0,0,0,52,
7,7,OKLAHOMA,40,2007,5,Thunderstorm Wind,C,51,GRADY,0,0,0,0,8000,0,52,
7,7,OKLAHOMA,40,2007,5,Thunderstorm Wind,C,17,CANADIAN,0,0,0,0,9700,0,52,
7,7,OKLAHOMA,40,2007,5,Tornado,C,109,OKLAHOMA,0,0,0,0,25000,0,,EF0
7,7,OKLAHOMA,40,2007,5,Hail,C,109,OKLAHOMA,0,0,0,0,0,0,1,
7,7,OKLAHOMA,40,2007,5,Thunderstorm Wind,C,27,CLEVELAND,0,0,0,0,4000,0,52,
7,7,OKLAHOMA,40,2007,5,Thunderstorm Wind,C,87,MCCLAIN,0,0,0,0,0,0,52,
7,7,OKLAHOMA,40,2007,5,Thunderstorm Wind,C,109,OKLAHOMA,0,0,0,0,20000,0,52,
7,7,OKLAHOMA,40,2007,5,Thunderstorm Wind,C,109,OKLAHOMA,0,0,0,0,0,0,61,
7,7,OKLAHOMA,40,2007,5,Tornado,C,125,POTTAWATOMIE,0,0,0,0,8000,0,,EF0
7,7,OKLAHOMA,40,2007,5,Hail,C,37,CREEK,0,0,0,0,0,0,0.88,
7,7,OKLAHOMA,40,2007,5,Flash Flood,C,105,NOWATA,0,0,0,0,250000,0,,
7,7,OKLAHOMA,40,2007,5,Hail,C,127,PUSHMATAHA,0,0,0,0,0,0,0.75,
7,7,OKLAHOMA,40,2007,5,Flash Flood,C,51,GRADY,1,0,0,0,8000,0,,
7,7,OKLAHOMA,40,2007,5,Lightning,C,87,MCCLAIN,0,0,0,0,30000,0,,
7,7,OKLAHOMA,40,2007,5,Flash Flood,C,143,TULSA,0,0,0,0,0,0,,
7,7,OKLAHOMA,40,2007,5,Flash Flood,C,143,TULSA,0,0,0,0,0,0,,
7,7,OKLAHOMA,40,2007,5,Flash Flood,C,87,MCCLAIN,0,0,0,0,5000,0,,
7,7,OKLAHOMA,40,2007,5,Flash Flood,C,117,PAWNEE,0,0,0,0,350000,0,,
7,7,OKLAHOMA,40,2007,5,Flash Flood,C,109,OKLAHOMA,0,0,0,0,0,0,,
7,7,OKLAHOMA,40,2007,5,Flash Flood,C,145,WAGONER,0,0,0,0,10000,0,,
7,7,OKLAHOMA,40,2007,5,Flash Flood,C,107,OKFUSKEE,0,0,0,0,350000,0,,
7,7,OKLAHOMA,40,2007,5,Flash Flood,C,27,CLEVELAND,0,0,0,0,5000,0,,
7,7,OKLAHOMA,40,2007,5,Flash Flood,C,27,CLEVELAND,0,0,0,0,15000,0,,
7,7,OKLAHOMA,40,2007,5,Flash Flood,C,37,CREEK,0,0,0,0,0,0,,
7,7,OKLAHOMA,40,2007,5,Flash Flood,C,21,CHEROKEE,0,0,0,0,0,0,,
7,7,OKLAHOMA,40,2007,5,Flash Flood,C,27,CLEVELAND,3,0,0,0,15000,0,,
7,7,OKLAHOMA,40,2007,5,Flash Flood,C,13,BRYAN,0,0,0,0,10000,0,,
7,7,OKLAHOMA,40,2007,5,Flood,C,113,OSAGE,0,0,0,0,0,0,,
7,7,OKLAHOMA,40,2007,5,Hail,C,13,BRYAN,0,0,0,0,0,0,0.75,
7,7,OKLAHOMA,40,2007,5,Flood,C,147,WASHINGTON,0,0,0,0,0,0,,
7,9,OKLAHOMA,40,2007,5,Flood,C,143,TULSA,0,0,0,0,0,0,,
7,7,OKLAHOMA,40,2007,5,Thunderstorm Wind,C,19,CARTER,0,0,0,0,0,0,52,
7,7,OKLAHOMA,40,2007,5,Thunderstorm Wind,C,67,JEFFERSON,0,0,0,0,0,0,50,
7,7,OKLAHOMA,40,2007,5,Funnel Cloud,C,19,CARTER,0,0,0,0,0,0,,
7,7,OKLAHOMA,40,2007,5,Flash Flood,C,121,PITTSBURG,0,0,0,0,0,0,,
7,7,OKLAHOMA,40,2007,5,Flash Flood,C,5,ATOKA,0,0,0,0,0,0,,
7,11,OKLAHOMA,40,2007,5,Flood,C,143,TULSA,0,0,0,0,0,0,,
7,7,OKLAHOMA,40,2007,5,Flash Flood,C,77,LATIMER,0,0,0,0,0,0,,
7,9,OKLAHOMA,40,2007,5,Flood,C,143,TULSA,0,0,0,0,0,0,,
7,12,OKLAHOMA,40,2007,5,Flood,C,115,OTTAWA,0,0,0,0,0,0,,
7,7,OKLAHOMA,40,2007,5,Hail,C,13,BRYAN,0,0,0,0,0,0,1,
7,7,OKLAHOMA,40,2007,5,Thunderstorm Wind,C,23,CHOCTAW,0,0,0,0,0,0,52,
7,9,OKLAHOMA,40,2007,5,Flood,C,105,NOWATA,0,0,0,0,0,0,,
8,8,OKLAHOMA,40,2007,5,Flash Flood,C,109,OKLAHOMA,0,0,0,0,20000,0,,
8,8,OKLAHOMA,40,2007,5,Flash Flood,C,17,CANADIAN,0,0,0,0,0,0,,
8,8,OKLAHOMA,40,2007,5,Flash Flood,C,135,SEQUOYAH,0,0,0,0,25000,0,,
8,8,OKLAHOMA,40,2007,5,Flash Flood,C,17,CANADIAN,0,0,0,0,10000,0,,
8,8,OKLAHOMA,40,2007,5,Flash Flood,C,17,CANADIAN,0,0,0,0,20000,0,,
8,8,OKLAHOMA,40,2007,5,Flash Flood,C,51,GRADY,0,0,0,0,0,0,,
8,8,OKLAHOMA,40,2007,5,Flash Flood,C,27,CLEVELAND,0,0,0,0,0,0,,
8,8,OKLAHOMA,40,2007,5,Flood,C,109,OKLAHOMA,0,0,0,0,15000,0,,
8,8,OKLAHOMA,40,2007,5,Flood,C,27,CLEVELAND,0,0,0,0,5000,0,,
8,8,OKLAHOMA,40,2007,5,Flood,C,125,POTTAWATOMIE,0,0,0,0,0,0,,
8,8,OKLAHOMA,40,2007,5,Thunderstorm Wind,C,141,TILLMAN,0,0,0,0,0,0,52,
8,8,OKLAHOMA,40,2007,5,Hail,C,141,TILLMAN,0,0,0,0,0,0,0.75,
8,8,OKLAHOMA,40,2007,5,Hail,C,75,KIOWA,0,0,0,0,0,0,0.75,
8,8,OKLAHOMA,40,2007,5,Hail,C,75,KIOWA,0,0,0,0,0,0,1,
8,8,OKLAHOMA,40,2007,5,Hail,C,31,COMANCHE,0,0,0,0,0,0,1,
8,8,OKLAHOMA,40,2007,5,Hail,C,31,COMANCHE,0,0,0,0,0,0,0.88,
8,8,OKLAHOMA,40,2007,5,Tornado,C,31,COMANCHE,0,0,0,0,0,0,,EF0
8,8,OKLAHOMA,40,2007,5,Thunderstorm Wind,C,15,CADDO,0,0,0,0,0,0,61,
8,8,OKLAHOMA,40,2007,5,Flash Flood,C,15,CADDO,0,0,0,0,10000,0,,
8,8,OKLAHOMA,40,2007,5,Flash Flood,C,31,COMANCHE,0,0,0,0,70000,0,,
8,8,OKLAHOMA,40,2007,5,Tornado,C,51,GRADY,0,0,0,0,70000,0,,EF1
8,8,OKLAHOMA,40,2007,5,Tornado,C,17,CANADIAN,0,0,0,0,100000,0,,EF0
8,8,OKLAHOMA,40,2007,5,Tornado,C,17,CANADIAN,0,0,0,0,3000000,0,,EF1
8,8,OKLAHOMA,40,2007,5,Tornado,C,17,CANADIAN,0,0,0,0,0,0,,EF1
8,8,OKLAHOMA,40,2007,5,Thunderstorm Wind,C,17,CANADIAN,0,0,0,0,0,0,56,
8,8,OKLAHOMA,40,2007,5,Tornado,C,17,CANADIAN,0,0,0,0,25000,0,,EF1
8,8,OKLAHOMA,40,2007,5,Thunderstorm Wind,C,17,CANADIAN,0,0,0,0,0,0,61,
8,8,OKLAHOMA,40,2007,5,Flash Flood,C,73,KINGFISHER,0,0,0,0,0,0,,
9,9,OKLAHOMA,40,2007,5,Hail,C,89,MCCURTAIN,0,0,0,0,0,0,0.75,
9,9,OKLAHOMA,40,2007,5,Hail,C,75,KIOWA,0,0,0,0,0,0,1,
11,11,OKLAHOMA,40,2007,5,Hail,C,37,CREEK,0,0,0,0,0,0,0.75,
15,15,OKLAHOMA,40,2007,5,Hail,C,111,OKMULGEE,0,0,0,0,0,0,0.75,
15,15,OKLAHOMA,40,2007,5,Hail,C,61,HASKELL,0,0,0,0,0,0,1,
15,15,OKLAHOMA,40,2007,5,Thunderstorm Wind,C,101,MUSKOGEE,0,0,0,0,0,0,52,
21,21,OKLAHOMA,40,2007,5,Thunderstorm Wind,C,139,TEXAS,0,0,0,0,0,0,52,
23,23,OKLAHOMA,40,2007,5,Lightning,C,47,GARFIELD,0,0,0,0,50000,0,,
23,23,OKLAHOMA,40,2007,5,Hail,C,59,HARPER,0,0,0,0,0,0,1,
23,23,OKLAHOMA,40,2007,5,Hail,C,59,HARPER,0,0,0,0,0,0,0.75,
23,23,OKLAHOMA,40,2007,5,Hail,C,59,HARPER,0,0,0,0,0,0,4.25,
23,23,OKLAHOMA,40,2007,5,Hail,C,59,HARPER,0,0,0,0,0,0,0.88,
23,23,OKLAHOMA,40,2007,5,Hail,C,59,HARPER,0,0,0,0,0,0,1.75,
23,23,OKLAHOMA,40,2007,5,Hail,C,7,BEAVER,0,0,0,0,0,0,0.75,
23,23,OKLAHOMA,40,2007,5,Hail,C,7,BEAVER,0,0,0,0,0,0,0.88,
23,23,OKLAHOMA,40,2007,5,Hail,C,139,TEXAS,0,0,0,0,0,0,0.75,
23,23,OKLAHOMA,40,2007,5,Hail,C,7,BEAVER,0,0,0,0,0,0,1,
23,23,OKLAHOMA,40,2007,5,Hail,C,7,BEAVER,0,0,0,0,0,0,0.75,
23,23,OKLAHOMA,40,2007,5,Hail,C,59,HARPER,0,0,0,0,0,0,1.75,
23,23,OKLAHOMA,40,2007,5,Hail,C,45,ELLIS,0,0,0,0,0,0,0.75,
23,23,OKLAHOMA,40,2007,5,Hail,C,7,BEAVER,0,0,0,0,0,0,0.88,
24,24,OKLAHOMA,40,2007,5,Hail,C,153,WOODWARD,0,0,0,0,0,0,0.75,
24,24,OKLAHOMA,40,2007,5,Hail,C,153,WOODWARD,0,0,0,0,0,0,0.88,
24,24,OKLAHOMA,40,2007,5,Hail,C,129,ROGER MILLS,0,0,0,0,0,0,1,
24,24,OKLAHOMA,40,2007,5,Hail,C,153,WOODWARD,0,0,0,0,0,0,0.88,
24,24,OKLAHOMA,40,2007,5,Thunderstorm Wind,C,3,ALFALFA,0,0,0,0,0,0,60,
24,24,OKLAHOMA,40,2007,5,Thunderstorm Wind,C,83,LOGAN,0,0,0,0,1500,0,52,
24,24,OKLAHOMA,40,2007,5,Hail,C,141,TILLMAN,0,0,0,0,0,0,1,
25,25,OKLAHOMA,40,2007,5,Hail,C,25,CIMARRON,0,0,0,0,0,0,1,
25,25,OKLAHOMA,40,2007,5,Hail,C,25,CIMARRON,0,0,0,0,0,0,1,
26,26,OKLAHOMA,40,2007,5,Flash Flood,C,137,STEPHENS,0,0,0,0,10000,0,,
27,27,OKLAHOMA,40,2007,5,Flash Flood,C,31,COMANCHE,0,0,0,0,15000,0,,
27,27,OKLAHOMA,40,2007,5,Flash Flood,C,137,STEPHENS,0,0,0,0,0,0,,
27,27,OKLAHOMA,40,2007,5,Flood,C,99,MURRAY,0,0,0,0,0,0,,
27,27,OKLAHOMA,40,2007,5,Flash Flood,C,137,STEPHENS,0,0,0,0,0,0,,
27,27,OKLAHOMA,40,2007,5,Flash Flood,C,19,CARTER,0,0,0,0,0,0,,
27,27,OKLAHOMA,40,2007,5,Flood,C,13,BRYAN,0,0,0,0,0,0,,
27,27,OKLAHOMA,40,2007,5,Flash Flood,C,5,ATOKA,0,0,0,0,0,0,,
27,27,OKLAHOMA,40,2007,5,Flash Flood,C,99,MURRAY,0,0,0,0,0,0,,
29,29,OKLAHOMA,40,2007,5,Thunderstorm Wind,C,139,TEXAS,0,0,0,0,0,0,52,
29,29,OKLAHOMA,40,2007,5,Thunderstorm Wind,C,139,TEXAS,0,0,0,0,0,0,58,
29,29,OKLAHOMA,40,2007,5,Thunderstorm Wind,C,139,TEXAS,0,0,0,0,0,0,52,
30,30,OKLAHOMA,40,2007,5,Thunderstorm Wind,C,109,OKLAHOMA,0,0,0,0,10000,0,52,
30,30,OKLAHOMA,40,2007,5,Hail,C,19,CARTER,0,0,0,0,0,0,1,
30,30,OKLAHOMA,40,2007,5,Thunderstorm Wind,C,51,GRADY,0,0,0,0,0,0,51,
30,30,OKLAHOMA,40,2007,5,Hail,C,69,JOHNSTON,0,0,0,0,0,0,1.75,
30,30,OKLAHOMA,40,2007,5,Thunderstorm Wind,C,27,CLEVELAND,0,0,0,0,8000,0,52,
30,30,OKLAHOMA,40,2007,5,Thunderstorm Wind,C,137,STEPHENS,0,0,0,0,5000,0,52,
30,30,OKLAHOMA,40,2007,5,Thunderstorm Wind,C,125,POTTAWATOMIE,0,0,0,0,2000,0,52,
30,30,OKLAHOMA,40,2007,5,Thunderstorm Wind,C,81,LINCOLN,0,0,0,0,0,0,52,
30,30,OKLAHOMA,40,2007,5,Thunderstorm Wind,C,125,POTTAWATOMIE,0,0,0,0,200000,0,70,
30,30,OKLAHOMA,40,2007,5,Thunderstorm Wind,C,27,CLEVELAND,0,0,0,0,3000,0,52,
30,30,OKLAHOMA,40,2007,5,Thunderstorm Wind,C,125,POTTAWATOMIE,0,0,0,0,5000,0,52,
30,30,OKLAHOMA,40,2007,5,Hail,C,19,CARTER,0,0,0,0,0,0,1,
30,30,OKLAHOMA,40,2007,5,Hail,C,19,CARTER,0,0,0,0,0,0,1,
30,30,OKLAHOMA,40,2007,5,Hail,C,23,CHOCTAW,0,0,0,0,0,0,0.75,
30,30,OKLAHOMA,40,2007,5,Flash Flood,C,13,BRYAN,0,0,0,0,0,0,,
30,30,OKLAHOMA,40,2007,5,Thunderstorm Wind,C,23,CHOCTAW,0,0,0,0,0,0,61,
30,30,OKLAHOMA,40,2007,5,Thunderstorm Wind,C,89,MCCURTAIN,0,0,0,0,0,0,54,
31,31,OKLAHOMA,40,2007,5,Tornado,C,25,CIMARRON,0,0,0,0,0,0,,EF0
31,31,OKLAHOMA,40,2007,5,Tornado,C,25,CIMARRON,0,0,0,0,0,0,,EF0
31,31,OKLAHOMA,40,2007,5,Tornado,C,139,TEXAS,0,0,0,0,0,0,,EF0
31,31,OKLAHOMA,40,2007,5,Tornado,C,139,TEXAS,0,0,0,0,0,0,,EF0
31,31,OKLAHOMA,40,2007,5,Tornado,C,139,TEXAS,0,0,0,0,0,0,,EF0
31,31,OKLAHOMA,40,2007,5,Hail,C,139,TEXAS,0,0,0,0,0,0,1.75,
31,31,OKLAHOMA,40,2007,5,Tornado,C,139,TEXAS,0,0,0,0,18000,0,,EF1
31,31,OKLAHOMA,40,2007,5,Tornado,C,139,TEXAS,0,0,0,0,0,0,,EF0
31,31,OKLAHOMA,40,2007,5,Thunderstorm Wind,C,139,TEXAS,0,0,0,0,0,0,59,
31,31,OKLAHOMA,40,2007,5,Hail,C,139,TEXAS,0,0,0,0,0,0,2.75,
31,31,OKLAHOMA,40,2007,5,Thunderstorm Wind,C,139,TEXAS,0,0,0,0,28000,0,61,
31,31,OKLAHOMA,40,2007,5,Hail,C,139,TEXAS,0,0,0,0,0,0,1.75,
31,31,OKLAHOMA,40,2007,5,Hail,C,59,HARPER,0,0,0,0,0,0,1,
31,31,OKLAHOMA,40,2007,5,Thunderstorm Wind,C,153,WOODWARD,0,0,0,0,10000,0,52,
31,31,OKLAHOMA,40,2007,5,Thunderstorm Wind,C,151,WOODS,0,0,0,0,0,0,56,
31,31,OKLAHOMA,40,2007,5,Thunderstorm Wind,C,151,WOODS,0,0,0,0,0,0,52,
1,30,OKLAHOMA,40,2007,6,Heavy Rain,C,57,HARMON,0,0,0,0,0,0,,
1,30,OKLAHOMA,40,2007,6,Heavy Rain,C,67,JEFFERSON,0,0,0,0,0,0,,
1,30,OKLAHOMA,40,2007,6,Heavy Rain,C,51,GRADY,0,0,0,0,0,0,,
1,30,OKLAHOMA,40,2007,6,Heavy Rain,C,65,JACKSON,0,0,0,0,0,0,,
1,30,OKLAHOMA,40,2007,6,Heavy Rain,C,75,KIOWA,0,0,0,0,0,0,,
1,30,OKLAHOMA,40,2007,6,Heavy Rain,C,53,GRANT,0,0,0,0,0,0,,
1,30,OKLAHOMA,40,2007,6,Heavy Rain,C,151,WOODS,0,0,0,0,0,0,,
1,30,OKLAHOMA,40,2007,6,Heavy Rain,C,141,TILLMAN,0,0,0,0,0,0,,
1,30,OKLAHOMA,40,2007,6,Heavy Rain,C,33,COTTON,0,0,0,0,0,0,,
1,30,OKLAHOMA,40,2007,6,Heavy Rain,C,31,COMANCHE,0,0,0,0,0,0,,
1,30,OKLAHOMA,40,2007,6,Heavy Rain,C,137,STEPHENS,0,0,0,0,0,0,,
1,30,OKLAHOMA,40,2007,6,Heavy Rain,C,73,KINGFISHER,0,0,0,0,0,0,,
1,30,OKLAHOMA,40,2007,6,Heavy Rain,C,55,GREER,0,0,0,0,0,0,,
1,30,OKLAHOMA,40,2007,6,Heavy Rain,C,15,CADDO,0,0,0,0,0,0,,
1,30,OKLAHOMA,40,2007,6,Heavy Rain,C,39,CUSTER,0,0,0,0,0,0,,
1,30,OKLAHOMA,40,2007,6,Heavy Rain,C,17,CANADIAN,0,0,0,0,0,0,,
1,30,OKLAHOMA,40,2007,6,Heavy Rain,C,153,WOODWARD,0,0,0,0,0,0,,
1,30,OKLAHOMA,40,2007,6,Heavy Rain,C,93,MAJOR,0,0,0,0,0,0,,
1,30,OKLAHOMA,40,2007,6,Heavy Rain,C,149,WASHITA,0,0,0,0,0,0,,
1,30,OKLAHOMA,40,2007,6,Heavy Rain,C,9,BECKHAM,0,0,0,0,0,0,,
1,30,OKLAHOMA,40,2007,6,Heavy Rain,C,129,ROGER MILLS,0,0,0,0,0,0,,
1,30,OKLAHOMA,40,2007,6,Heavy Rain,C,43,DEWEY,0,0,0,0,0,0,,
1,30,OKLAHOMA,40,2007,6,Heavy Rain,C,45,ELLIS,0,0,0,0,0,0,,
1,30,OKLAHOMA,40,2007,6,Heavy Rain,C,71,KAY,0,0,0,0,0,0,,
1,30,OKLAHOMA,40,2007,6,Heavy Rain,C,83,LOGAN,0,0,0,0,0,0,,
1,30,OKLAHOMA,40,2007,6,Heavy Rain,C,11,BLAINE,0,0,0,0,0,0,,
1,30,OKLAHOMA,40,2007,6,Heavy Rain,C,47,GARFIELD,0,0,0,0,0,0,,
1,30,OKLAHOMA,40,2007,6,Heavy Rain,C,59,HARPER,0,0,0,0,0,0,,
1,30,OKLAHOMA,40,2007,6,Heavy Rain,C,3,ALFALFA,0,0,0,0,0,387000,,
1,30,OKLAHOMA,40,2007,6,Heavy Rain,C,103,NOBLE,0,0,0,0,0,0,,
1,1,OKLAHOMA,40,2007,6,Thunderstorm Wind,C,11,BLAINE,0,0,0,0,10000,0,56,
1,1,OKLAHOMA,40,2007,6,Thunderstorm Wind,C,47,GARFIELD,0,0,0,0,2000000,0,61,
1,1,OKLAHOMA,40,2007,6,Thunderstorm Wind,C,47,GARFIELD,0,0,0,0,0,0,56,
1,1,OKLAHOMA,40,2007,6,Thunderstorm Wind,C,47,GARFIELD,0,0,0,0,0,0,52,
1,1,OKLAHOMA,40,2007,6,Thunderstorm Wind,C,15,CADDO,0,0,0,0,2000,0,53,
1,1,OKLAHOMA,40,2007,6,Thunderstorm Wind,C,71,KAY,0,0,0,0,10000,0,52,
1,1,OKLAHOMA,40,2007,6,Hail,C,73,KINGFISHER,0,0,0,0,0,0,0.75,
1,1,OKLAHOMA,40,2007,6,Hail,C,153,WOODWARD,0,0,0,0,0,0,1,
1,1,OKLAHOMA,40,2007,6,Hail,C,113,OSAGE,0,0,0,0,0,0,0.88,
1,1,OKLAHOMA,40,2007,6,Thunderstorm Wind,C,113,OSAGE,0,0,0,0,0,0,57,
1,1,OKLAHOMA,40,2007,6,Thunderstorm Wind,C,113,OSAGE,0,0,0,0,1000,0,52,
1,1,OKLAHOMA,40,2007,6,Thunderstorm Wind,C,117,PAWNEE,0,0,0,0,0,0,52,
1,1,OKLAHOMA,40,2007,6,Thunderstorm Wind,C,113,OSAGE,0,0,0,0,0,0,57,
1,1,OKLAHOMA,40,2007,6,Hail,C,83,LOGAN,0,0,0,0,0,0,0.88,
1,1,OKLAHOMA,40,2007,6,Hail,C,117,PAWNEE,0,0,0,0,0,0,0.75,
1,1,OKLAHOMA,40,2007,6,Thunderstorm Wind,C,37,CREEK,0,0,0,0,0,0,52,
1,1,OKLAHOMA,40,2007,6,Thunderstorm Wind,C,147,WASHINGTON,0,0,0,0,0,0,61,
1,1,OKLAHOMA,40,2007,6,Thunderstorm Wind,C,105,NOWATA,0,0,0,0,0,0,61,
1,1,OKLAHOMA,40,2007,6,Thunderstorm Wind,C,131,ROGERS,0,0,0,0,0,0,61,
1,1,OKLAHOMA,40,2007,6,Thunderstorm Wind,C,143,TULSA,0,0,0,0,0,0,61,
1,1,OKLAHOMA,40,2007,6,Thunderstorm Wind,C,35,CRAIG,0,0,0,0,0,0,61,
1,1,OKLAHOMA,40,2007,6,Hail,C,15,CADDO,0,0,0,0,0,0,1,
1,1,OKLAHOMA,40,2007,6,Hail,C,15,CADDO,0,0,0,0,0,0,0.75,
1,1,OKLAHOMA,40,2007,6,Hail,C,15,CADDO,0,0,0,0,0,0,0.75,
1,1,OKLAHOMA,40,2007,6,Hail,C,15,CADDO,0,0,0,0,0,0,1,
1,1,OKLAHOMA,40,2007,6,Thunderstorm Wind,C,119,PAYNE,0,0,0,0,8000,0,52,
1,1,OKLAHOMA,40,2007,6,Hail,C,119,PAYNE,0,0,0,0,0,0,1,
1,1,OKLAHOMA,40,2007,6,Hail,C,51,GRADY,0,0,0,0,0,0,1.25,
1,1,OKLAHOMA,40,2007,6,Hail,C,119,PAYNE,0,0,0,0,0,0,1,
1,1,OKLAHOMA,40,2007,6,Hail,C,51,GRADY,0,0,0,0,0,0,1.75,
1,1,OKLAHOMA,40,2007,6,Hail,C,51,GRADY,0,0,0,0,0,0,0.75,
1,1,OKLAHOMA,40,2007,6,Hail,C,119,PAYNE,0,0,0,0,0,0,0.88,
1,1,OKLAHOMA,40,2007,6,Thunderstorm Wind,C,51,GRADY,0,0,0,0,0,0,52,
1,1,OKLAHOMA,40,2007,6,Hail,C,51,GRADY,0,0,0,0,0,0,2,
1,1,OKLAHOMA,40,2007,6,Hail,C,51,GRADY,0,0,0,0,0,0,1.25,
1,1,OKLAHOMA,40,2007,6,Hail,C,119,PAYNE,0,0,0,0,0,0,0.75,
1,1,OKLAHOMA,40,2007,6,Hail,C,37,CREEK,0,0,0,0,0,0,0.75,
1,1,OKLAHOMA,40,2007,6,Flash Flood,C,119,PAYNE,0,0,0,0,50000,0,,
1,1,OKLAHOMA,40,2007,6,Hail,C,113,OSAGE,0,0,0,0,0,0,1,
1,1,OKLAHOMA,40,2007,6,Hail,C,93,MAJOR,0,0,0,0,0,0,1,
1,1,OKLAHOMA,40,2007,6,Hail,C,27,CLEVELAND,0,0,0,0,0,0,0.75,
1,1,OKLAHOMA,40,2007,6,Hail,C,53,GRANT,0,0,0,0,0,0,0.88,
1,1,OKLAHOMA,40,2007,6,Flash Flood,C,117,PAWNEE,0,0,0,0,0,0,,
1,1,OKLAHOMA,40,2007,6,Thunderstorm Wind,C,27,CLEVELAND,0,0,0,0,4500,0,61,
1,1,OKLAHOMA,40,2007,6,Thunderstorm Wind,C,97,MAYES,0,0,0,0,0,0,61,
2,4,OKLAHOMA,40,2007,6,Flood,C,115,OTTAWA,0,0,0,0,0,0,,
2,2,OKLAHOMA,40,2007,6,Hail,C,25,CIMARRON,0,0,0,0,0,0,1.75,
2,2,OKLAHOMA,40,2007,6,Hail,C,25,CIMARRON,0,0,0,0,0,0,1.5,
3,3,OKLAHOMA,40,2007,6,Thunderstorm Wind,C,55,GREER,0,0,0,0,3000,0,52,
7,7,OKLAHOMA,40,2007,6,Thunderstorm Wind,C,147,WASHINGTON,0,0,0,0,0,0,61,
7,7,OKLAHOMA,40,2007,6,Hail,C,147,WASHINGTON,0,0,0,0,0,0,1,
7,7,OKLAHOMA,40,2007,6,Thunderstorm Wind,C,105,NOWATA,0,0,0,0,1000,0,52,
7,7,OKLAHOMA,40,2007,6,Hail,C,137,STEPHENS,0,0,0,0,0,0,0.88,
7,7,OKLAHOMA,40,2007,6,Thunderstorm Wind,C,35,CRAIG,0,0,0,0,15000,0,61,
7,7,OKLAHOMA,40,2007,6,Thunderstorm Wind,C,105,NOWATA,0,0,0,0,0,0,52,
7,7,OKLAHOMA,40,2007,6,Thunderstorm Wind,C,115,OTTAWA,0,0,0,0,0,0,52,
7,7,OKLAHOMA,40,2007,6,Thunderstorm Wind,C,35,CRAIG,0,0,0,0,0,0,58,
7,7,OKLAHOMA,40,2007,6,Thunderstorm Wind,C,35,CRAIG,0,0,0,0,1000,0,52,
7,7,OKLAHOMA,40,2007,6,Thunderstorm Wind,C,115,OTTAWA,0,0,0,0,0,0,52,
8,8,OKLAHOMA,40,2007,6,Thunderstorm Wind,C,37,CREEK,0,0,0,0,0,0,52,
8,8,OKLAHOMA,40,2007,6,Thunderstorm Wind,C,143,TULSA,0,0,0,0,0,0,52,
9,9,OKLAHOMA,40,2007,6,Hail,C,79,LE FLORE,0,0,0,0,0,0,0.75,
9,9,OKLAHOMA,40,2007,6,Hail,C,5,ATOKA,0,0,0,0,0,0,0.88,
9,9,OKLAHOMA,40,2007,6,Hail,C,121,PITTSBURG,0,0,0,0,0,0,0.75,
9,9,OKLAHOMA,40,2007,6,Hail,C,77,LATIMER,0,0,0,0,25000,0,1.75,
9,9,OKLAHOMA,40,2007,6,Hail,C,29,COAL,0,0,0,0,0,0,0.75,
9,9,OKLAHOMA,40,2007,6,Flash Flood,C,77,LATIMER,0,0,0,0,0,0,,
9,9,OKLAHOMA,40,2007,6,Flash Flood,C,127,PUSHMATAHA,0,0,0,0,0,0,,
9,9,OKLAHOMA,40,2007,6,Hail,C,127,PUSHMATAHA,0,0,0,0,0,0,0.75,
9,9,OKLAHOMA,40,2007,6,Hail,C,61,HASKELL,0,0,0,0,50000,0,2.5,
9,9,OKLAHOMA,40,2007,6,Thunderstorm Wind,C,91,MCINTOSH,0,0,0,0,0,0,59,
9,9,OKLAHOMA,40,2007,6,Hail,C,143,TULSA,0,0,0,0,0,0,0.88,
9,9,OKLAHOMA,40,2007,6,Hail,C,143,TULSA,0,0,0,0,50000,0,1.75,
9,9,OKLAHOMA,40,2007,6,Hail,C,143,TULSA,0,0,0,0,0,0,1,
9,9,OKLAHOMA,40,2007,6,Thunderstorm Wind,C,143,TULSA,0,0,0,0,0,0,61,
9,9,OKLAHOMA,40,2007,6,Thunderstorm Wind,C,143,TULSA,0,0,0,0,1000,0,52,
9,9,OKLAHOMA,40,2007,6,Hail,C,143,TULSA,0,0,0,0,0,0,1,
9,9,OKLAHOMA,40,2007,6,Thunderstorm Wind,C,97,MAYES,0,0,0,0,0,0,52,
9,9,OKLAHOMA,40,2007,6,Thunderstorm Wind,C,41,DELAWARE,0,0,0,0,0,0,52,
10,10,OKLAHOMA,40,2007,6,Hail,C,109,OKLAHOMA,0,0,0,0,0,0,0.88,
10,10,OKLAHOMA,40,2007,6,Thunderstorm Wind,C,109,OKLAHOMA,0,0,0,0,4000,0,52,
10,10,OKLAHOMA,40,2007,6,Hail,C,109,OKLAHOMA,0,0,0,0,0,0,0.75,
10,10,OKLAHOMA,40,2007,6,Thunderstorm Wind,C,51,GRADY,0,0,0,0,1500,0,52,
10,10,OKLAHOMA,40,2007,6,Thunderstorm Wind,C,147,WASHINGTON,0,0,0,0,0,0,51,
10,10,OKLAHOMA,40,2007,6,Thunderstorm Wind,C,105,NOWATA,0,0,0,0,0,0,61,
10,10,OKLAHOMA,40,2007,6,Hail,C,105,NOWATA,0,0,0,0,0,0,0.75,
11,11,OKLAHOMA,40,2007,6,Thunderstorm Wind,C,27,CLEVELAND,0,0,0,0,4000,0,52,
11,11,OKLAHOMA,40,2007,6,Flash Flood,C,105,NOWATA,0,0,0,0,100000,0,,
11,11,OKLAHOMA,40,2007,6,Flash Flood,C,113,OSAGE,0,0,0,0,0,0,,
11,11,OKLAHOMA,40,2007,6,Flash Flood,C,147,WASHINGTON,0,0,0,0,25000,0,,
11,15,OKLAHOMA,40,2007,6,Flood,C,115,OTTAWA,0,0,0,0,0,0,,
11,12,OKLAHOMA,40,2007,6,Flood,C,105,NOWATA,0,0,0,0,0,0,,
11,11,OKLAHOMA,40,2007,6,Flash Flood,C,97,MAYES,0,0,0,0,0,0,,
11,15,OKLAHOMA,40,2007,6,Flood,C,115,OTTAWA,0,0,0,0,0,0,,
11,12,OKLAHOMA,40,2007,6,Flood,C,147,WASHINGTON,0,0,0,0,0,0,,
12,12,OKLAHOMA,40,2007,6,Thunderstorm Wind,C,143,TULSA,0,0,0,0,0,0,61,
13,13,OKLAHOMA,40,2007,6,Flood,C,83,LOGAN,0,0,0,0,50000,0,,
13,13,OKLAHOMA,40,2007,6,Hail,C,7,BEAVER,0,0,0,0,0,0,1.5,
13,13,OKLAHOMA,40,2007,6,Hail,C,7,BEAVER,0,0,0,0,0,0,1.75,
13,13,OKLAHOMA,40,2007,6,Hail,C,7,BEAVER,0,0,0,0,0,0,1,
13,13,OKLAHOMA,40,2007,6,Hail,C,7,BEAVER,0,0,0,0,0,0,0.75,
13,13,OKLAHOMA,40,2007,6,Hail,C,45,ELLIS,0,0,0,0,0,0,1,
13,13,OKLAHOMA,40,2007,6,Hail,C,7,BEAVER,0,0,0,0,0,0,1,
13,13,OKLAHOMA,40,2007,6,Hail,C,7,BEAVER,0,0,0,0,0,0,1,
13,13,OKLAHOMA,40,2007,6,Hail,C,7,BEAVER,0,0,0,0,0,0,1.75,
13,13,OKLAHOMA,40,2007,6,Hail,C,7,BEAVER,0,0,0,0,0,0,1.5,
13,13,OKLAHOMA,40,2007,6,Hail,C,7,BEAVER,0,0,0,0,0,0,1.75,
13,13,OKLAHOMA,40,2007,6,Hail,C,7,BEAVER,0,0,0,0,0,0,0.88,
13,13,OKLAHOMA,40,2007,6,Hail,C,7,BEAVER,0,0,0,0,0,0,1.5,
13,13,OKLAHOMA,40,2007,6,Hail,C,93,MAJOR,0,0,0,0,0,0,0.75,
13,13,OKLAHOMA,40,2007,6,Hail,C,45,ELLIS,0,0,0,0,0,0,0.75,
13,13,OKLAHOMA,40,2007,6,Hail,C,43,DEWEY,0,0,0,0,0,0,1,
13,13,OKLAHOMA,40,2007,6,Hail,C,45,ELLIS,0,0,0,0,0,0,0.75,
13,13,OKLAHOMA,40,2007,6,Hail,C,151,WOODS,0,0,0,0,0,0,0.88,
13,13,OKLAHOMA,40,2007,6,Hail,C,57,HARMON,0,0,0,0,0,0,1.75,
13,13,OKLAHOMA,40,2007,6,Hail,C,7,BEAVER,0,0,0,0,0,0,0.88,
13,13,OKLAHOMA,40,2007,6,Hail,C,7,BEAVER,0,0,0,0,0,0,0.88,
13,13,OKLAHOMA,40,2007,6,Hail,C,57,HARMON,0,0,0,0,0,0,1.5,
13,13,OKLAHOMA,40,2007,6,Hail,C,45,ELLIS,0,0,0,0,0,0,1,
13,13,OKLAHOMA,40,2007,6,Thunderstorm Wind,C,9,BECKHAM,0,0,0,0,0,0,67,
13,13,OKLAHOMA,40,2007,6,Hail,C,59,HARPER,0,0,0,0,0,0,1,
13,13,OKLAHOMA,40,2007,6,Hail,C,151,WOODS,0,0,0,0,0,0,0.75,
13,13,OKLAHOMA,40,2007,6,Hail,C,129,ROGER MILLS,0,0,0,0,0,0,1.75,
13,13,OKLAHOMA,40,2007,6,Hail,C,9,BECKHAM,0,0,0,0,0,0,1.75,
13,13,OKLAHOMA,40,2007,6,Hail,C,153,WOODWARD,0,0,0,0,0,0,0.88,
13,13,OKLAHOMA,40,2007,6,Hail,C,45,ELLIS,0,0,0,0,0,0,0.75,
13,13,OKLAHOMA,40,2007,6,Hail,C,45,ELLIS,0,0,0,0,0,0,0.75,
13,13,OKLAHOMA,40,2007,6,Hail,C,43,DEWEY,0,0,0,0,0,0,1.25,
13,13,OKLAHOMA,40,2007,6,Hail,C,45,ELLIS,0,0,0,0,0,0,0.88,
13,13,OKLAHOMA,40,2007,6,Hail,C,9,BECKHAM,0,0,0,0,0,0,1.5,
13,13,OKLAHOMA,40,2007,6,Tornado,C,93,MAJOR,0,0,0,0,0,0,,EF0
13,13,OKLAHOMA,40,2007,6,Tornado,C,93,MAJOR,0,0,0,0,0,0,,EF0
13,13,OKLAHOMA,40,2007,6,Tornado,C,93,MAJOR,0,0,0,0,0,0,,EF0
13,13,OKLAHOMA,40,2007,6,Hail,C,149,WASHITA,0,0,0,0,0,0,1,
13,13,OKLAHOMA,40,2007,6,Thunderstorm Wind,C,39,CUSTER,0,0,0,0,0,0,52,
13,13,OKLAHOMA,40,2007,6,Hail,C,149,WASHITA,0,0,0,0,2000,0,1,
13,13,OKLAHOMA,40,2007,6,Hail,C,39,CUSTER,0,0,0,0,0,0,0.75,
13,13,OKLAHOMA,40,2007,6,Thunderstorm Wind,C,39,CUSTER,0,0,0,0,10000,0,55,
13,13,OKLAHOMA,40,2007,6,Thunderstorm Wind,C,39,CUSTER,0,0,0,0,3000,0,60,
13,13,OKLAHOMA,40,2007,6,Hail,C,43,DEWEY,0,0,0,0,0,0,0.75,
13,13,OKLAHOMA,40,2007,6,Thunderstorm Wind,C,39,CUSTER,0,0,0,0,15000,0,56,
13,13,OKLAHOMA,40,2007,6,Tornado,C,11,BLAINE,0,0,0,0,0,0,,EF0
13,13,OKLAHOMA,40,2007,6,Thunderstorm Wind,C,11,BLAINE,0,0,0,0,5000,0,61,
13,13,OKLAHOMA,40,2007,6,Thunderstorm Wind,C,11,BLAINE,0,0,0,0,6000,0,65,
13,13,OKLAHOMA,40,2007,6,Flash Flood,C,93,MAJOR,0,0,0,0,0,0,,
13,13,OKLAHOMA,40,2007,6,Hail,C,11,BLAINE,0,0,0,0,0,0,1,
13,13,OKLAHOMA,40,2007,6,Thunderstorm Wind,C,93,MAJOR,0,0,0,0,0,0,52,
13,13,OKLAHOMA,40,2007,6,Flash Flood,C,11,BLAINE,0,0,0,0,0,0,,
13,13,OKLAHOMA,40,2007,6,Thunderstorm Wind,C,15,CADDO,0,0,0,0,1500,0,52,
13,13,OKLAHOMA,40,2007,6,Hail,C,75,KIOWA,0,0,0,0,0,0,1,
13,13,OKLAHOMA,40,2007,6,Hail,C,75,KIOWA,0,0,0,0,0,0,0.88,
13,13,OKLAHOMA,40,2007,6,Flash Flood,C,75,KIOWA,0,0,0,0,150000,0,,
13,13,OKLAHOMA,40,2007,6,Flash Flood,C,75,KIOWA,0,0,0,0,0,0,,
13,13,OKLAHOMA,40,2007,6,Heavy Rain,C,75,KIOWA,0,0,0,0,0,0,,
14,14,OKLAHOMA,40,2007,6,Hail,C,149,WASHITA,0,0,0,0,0,0,1,
14,14,OKLAHOMA,40,2007,6,Flash Flood,C,75,KIOWA,0,0,0,0,0,0,,
14,14,OKLAHOMA,40,2007,6,Flash Flood,C,75,KIOWA,0,0,0,0,100000,0,,
14,14,OKLAHOMA,40,2007,6,Flood,C,59,HARPER,0,0,0,0,0,0,,
14,14,OKLAHOMA,40,2007,6,Flood,C,153,WOODWARD,0,0,0,0,0,0,,
14,14,OKLAHOMA,40,2007,6,Hail,C,27,CLEVELAND,0,0,0,0,0,0,1,
14,14,OKLAHOMA,40,2007,6,Hail,C,109,OKLAHOMA,0,0,0,0,0,0,0.75,
14,14,OKLAHOMA,40,2007,6,Hail,C,67,JEFFERSON,0,0,0,0,0,0,0.75,
14,14,OKLAHOMA,40,2007,6,Thunderstorm Wind,C,67,JEFFERSON,0,0,0,0,4000,0,52,
14,14,OKLAHOMA,40,2007,6,Hail,C,51,GRADY,0,0,0,0,0,0,1,
14,14,OKLAHOMA,40,2007,6,Flash Flood,C,109,OKLAHOMA,0,0,0,0,0,0,,
14,14,OKLAHOMA,40,2007,6,Hail,C,37,CREEK,0,0,0,0,0,0,0.75,
15,15,OKLAHOMA,40,2007,6,Flash Flood,C,37,CREEK,0,0,0,0,0,0,,
15,15,OKLAHOMA,40,2007,6,Flash Flood,C,111,OKMULGEE,0,0,0,0,0,0,,
15,15,OKLAHOMA,40,2007,6,Flash Flood,C,37,CREEK,0,0,0,0,0,0,,
15,15,OKLAHOMA,40,2007,6,Flash Flood,C,51,GRADY,0,0,0,0,0,0,,
15,15,OKLAHOMA,40,2007,6,Flash Flood,C,137,STEPHENS,0,0,0,0,0,0,,
15,15,OKLAHOMA,40,2007,6,Flash Flood,C,49,GARVIN,0,0,0,0,0,0,,
18,18,OKLAHOMA,40,2007,6,Flash Flood,C,13,BRYAN,0,0,0,0,0,0,,
18,18,OKLAHOMA,40,2007,6,Flash Flood,C,13,BRYAN,0,0,0,0,15000,0,,
18,18,OKLAHOMA,40,2007,6,Flash Flood,C,123,PONTOTOC,0,0,0,0,0,0,,
18,18,OKLAHOMA,40,2007,6,Flash Flood,C,69,JOHNSTON,0,0,0,0,0,0,,
18,18,OKLAHOMA,40,2007,6,Flash Flood,C,123,PONTOTOC,0,0,0,0,0,0,,
18,18,OKLAHOMA,40,2007,6,Flash Flood,C,123,PONTOTOC,0,0,0,0,0,0,,
18,18,OKLAHOMA,40,2007,6,Flash Flood,C,133,SEMINOLE,0,0,0,0,75000,0,,
18,18,OKLAHOMA,40,2007,6,Flash Flood,C,125,POTTAWATOMIE,0,0,0,0,20000,0,,
18,18,OKLAHOMA,40,2007,6,Flash Flood,C,69,JOHNSTON,0,0,0,0,0,0,,
18,18,OKLAHOMA,40,2007,6,Flash Flood,C,133,SEMINOLE,0,0,0,0,0,0,,
18,18,OKLAHOMA,40,2007,6,Flash Flood,C,69,JOHNSTON,0,0,0,0,25000,0,,
18,18,OKLAHOMA,40,2007,6,Flash Flood,C,123,PONTOTOC,3,0,0,0,1000000,0,,
18,18,OKLAHOMA,40,2007,6,Flash Flood,C,69,JOHNSTON,0,0,0,0,0,0,,
18,18,OKLAHOMA,40,2007,6,Flash Flood,C,29,COAL,0,0,0,0,0,0,,
18,18,OKLAHOMA,40,2007,6,Flash Flood,C,69,JOHNSTON,0,0,0,0,0,0,,
18,18,OKLAHOMA,40,2007,6,Flash Flood,C,69,JOHNSTON,0,0,0,0,0,0,,
18,18,OKLAHOMA,40,2007,6,Flash Flood,C,69,JOHNSTON,0,0,0,0,0,0,,
19,19,OKLAHOMA,40,2007,6,Hail,C,47,GARFIELD,0,0,0,0,0,0,1.75,
19,19,OKLAHOMA,40,2007,6,Thunderstorm Wind,C,79,LE FLORE,0,0,0,0,0,0,52,
19,19,OKLAHOMA,40,2007,6,Hail,C,3,ALFALFA,0,0,0,0,0,0,1.75,
19,19,OKLAHOMA,40,2007,6,Hail,C,3,ALFALFA,0,0,0,0,0,0,4.25,
19,19,OKLAHOMA,40,2007,6,Hail,C,47,GARFIELD,0,0,0,0,0,0,1.75,
19,19,OKLAHOMA,40,2007,6,Hail,C,3,ALFALFA,0,0,0,0,0,0,1.75,
19,19,OKLAHOMA,40,2007,6,Hail,C,3,ALFALFA,0,0,0,0,0,0,2,
19,19,OKLAHOMA,40,2007,6,Hail,C,47,GARFIELD,0,0,0,0,0,0,0.88,
19,19,OKLAHOMA,40,2007,6,Hail,C,3,ALFALFA,0,0,0,0,0,0,2.75,
19,19,OKLAHOMA,40,2007,6,Funnel Cloud,C,93,MAJOR,0,0,0,0,0,0,,
19,19,OKLAHOMA,40,2007,6,Flash Flood,C,47,GARFIELD,0,0,0,0,0,0,,
19,19,OKLAHOMA,40,2007,6,Thunderstorm Wind,C,93,MAJOR,0,0,0,0,0,0,70,
19,19,OKLAHOMA,40,2007,6,Hail,C,151,WOODS,0,0,0,0,0,0,1.75,
19,19,OKLAHOMA,40,2007,6,Hail,C,151,WOODS,0,0,0,0,0,0,1.25,
19,19,OKLAHOMA,40,2007,6,Thunderstorm Wind,C,21,CHEROKEE,0,0,0,0,0,0,52,
19,19,OKLAHOMA,40,2007,6,Hail,C,153,WOODWARD,0,0,0,0,0,0,0.88,
19,19,OKLAHOMA,40,2007,6,Thunderstorm Wind,C,1,ADAIR,0,0,0,0,0,0,52,
19,19,OKLAHOMA,40,2007,6,Hail,C,153,WOODWARD,0,0,0,0,0,0,1,
19,19,OKLAHOMA,40,2007,6,Thunderstorm Wind,C,153,WOODWARD,0,0,0,0,60000,0,60,
19,19,OKLAHOMA,40,2007,6,Thunderstorm Wind,C,153,WOODWARD,0,0,0,0,10000,0,60,
19,19,OKLAHOMA,40,2007,6,Hail,C,153,WOODWARD,0,0,0,0,0,0,1.25,
19,19,OKLAHOMA,40,2007,6,Hail,C,153,WOODWARD,0,0,0,0,0,0,1.75,
19,19,OKLAHOMA,40,2007,6,Thunderstorm Wind,C,73,KINGFISHER,0,0,0,0,8000,0,65,
19,19,OKLAHOMA,40,2007,6,Hail,C,45,ELLIS,0,0,0,0,0,0,1.75,
19,19,OKLAHOMA,40,2007,6,Thunderstorm Wind,C,43,DEWEY,0,0,0,0,10000,0,52,
19,19,OKLAHOMA,40,2007,6,Thunderstorm Wind,C,73,KINGFISHER,0,0,0,0,10000,0,52,
19,19,OKLAHOMA,40,2007,6,Hail,C,37,CREEK,0,0,0,0,0,0,0.88,
19,19,OKLAHOMA,40,2007,6,Thunderstorm Wind,C,47,GARFIELD,0,0,0,0,25000,0,70,
19,19,OKLAHOMA,40,2007,6,Hail,C,139,TEXAS,0,0,0,0,0,0,0.88,
19,19,OKLAHOMA,40,2007,6,Thunderstorm Wind,C,139,TEXAS,0,0,0,0,0,0,51,
19,19,OKLAHOMA,40,2007,6,Hail,C,139,TEXAS,0,0,0,0,0,0,2.5,
19,19,OKLAHOMA,40,2007,6,Tornado,C,139,TEXAS,0,0,0,0,0,0,,EF0
19,19,OKLAHOMA,40,2007,6,Thunderstorm Wind,C,139,TEXAS,0,0,0,0,0,0,60,
19,19,OKLAHOMA,40,2007,6,Thunderstorm Wind,C,139,TEXAS,0,0,0,0,0,0,60,
19,19,OKLAHOMA,40,2007,6,Thunderstorm Wind,C,83,LOGAN,0,0,0,0,0,0,51,
19,19,OKLAHOMA,40,2007,6,Thunderstorm Wind,C,83,LOGAN,0,0,0,0,0,0,52,
19,19,OKLAHOMA,40,2007,6,Hail,C,81,LINCOLN,0,0,0,0,0,0,0.75,
19,19,OKLAHOMA,40,2007,6,Hail,C,139,TEXAS,0,0,0,0,0,0,0.88,
19,19,OKLAHOMA,40,2007,6,Hail,C,7,BEAVER,0,0,0,0,0,0,1,
19,19,OKLAHOMA,40,2007,6,Thunderstorm Wind,C,7,BEAVER,0,0,0,0,0,0,61,
19,19,OKLAHOMA,40,2007,6,Thunderstorm Wind,C,139,TEXAS,0,0,0,0,0,0,75,
19,19,OKLAHOMA,40,2007,6,Hail,C,139,TEXAS,0,0,0,0,0,0,1.75,
19,19,OKLAHOMA,40,2007,6,Thunderstorm Wind,C,143,TULSA,0,0,0,0,1000,0,52,
19,19,OKLAHOMA,40,2007,6,Hail,C,7,BEAVER,0,0,0,0,0,0,1.25,
19,19,OKLAHOMA,40,2007,6,Hail,C,139,TEXAS,0,0,0,0,0,0,0.75,
19,19,OKLAHOMA,40,2007,6,Thunderstorm Wind,C,39,CUSTER,0,0,0,0,6000,0,52,
19,19,OKLAHOMA,40,2007,6,Flash Flood,C,143,TULSA,0,0,0,0,0,0,,
19,19,OKLAHOMA,40,2007,6,Thunderstorm Wind,C,45,ELLIS,0,0,0,0,0,0,50,
19,19,OKLAHOMA,40,2007,6,Hail,C,139,TEXAS,0,0,0,0,0,0,0.75,
19,19,OKLAHOMA,40,2007,6,Thunderstorm Wind,C,51,GRADY,0,0,0,0,0,0,53,
19,19,OKLAHOMA,40,2007,6,Thunderstorm Wind,C,51,GRADY,0,0,0,0,0,0,51,
19,19,OKLAHOMA,40,2007,6,Thunderstorm Wind,C,51,GRADY,0,0,0,0,0,0,55,
19,19,OKLAHOMA,40,2007,6,Thunderstorm Wind,C,113,OSAGE,0,0,0,0,1000,0,52,
19,19,OKLAHOMA,40,2007,6,Thunderstorm Wind,C,51,GRADY,0,0,0,0,0,0,53,
19,19,OKLAHOMA,40,2007,6,Thunderstorm Wind,C,65,JACKSON,0,0,0,0,75000,0,61,
19,19,OKLAHOMA,40,2007,6,Thunderstorm Wind,C,27,CLEVELAND,0,0,0,0,15000,0,52,
19,19,OKLAHOMA,40,2007,6,Thunderstorm Wind,C,31,COMANCHE,0,0,0,0,0,0,51,
19,19,OKLAHOMA,40,2007,6,Thunderstorm Wind,C,57,HARMON,0,0,0,0,0,0,65,
19,19,OKLAHOMA,40,2007,6,Thunderstorm Wind,C,31,COMANCHE,0,0,0,0,0,0,53,
19,19,OKLAHOMA,40,2007,6,Thunderstorm Wind,C,57,HARMON,0,0,0,0,0,0,62,
19,19,OKLAHOMA,40,2007,6,Thunderstorm Wind,C,55,GREER,0,0,0,0,0,0,53,
19,19,OKLAHOMA,40,2007,6,Thunderstorm Wind,C,55,GREER,0,0,0,0,0,0,56,
19,19,OKLAHOMA,40,2007,6,Thunderstorm Wind,C,55,GREER,0,0,0,0,0,0,50,
20,20,OKLAHOMA,40,2007,6,Thunderstorm Wind,C,65,JACKSON,0,0,0,0,0,0,53,
20,20,OKLAHOMA,40,2007,6,Thunderstorm Wind,C,65,JACKSON,0,0,0,0,0,0,50,
20,20,OKLAHOMA,40,2007,6,Thunderstorm Wind,C,65,JACKSON,0,0,0,0,0,0,58,
20,20,OKLAHOMA,40,2007,6,Thunderstorm Wind,C,141,TILLMAN,0,0,0,0,0,0,65,
20,20,OKLAHOMA,40,2007,6,Thunderstorm Wind,C,141,TILLMAN,0,0,0,0,0,0,67,
20,20,OKLAHOMA,40,2007,6,Thunderstorm Wind,C,141,TILLMAN,0,0,0,0,0,0,59,
20,20,OKLAHOMA,40,2007,6,Thunderstorm Wind,C,141,TILLMAN,0,0,0,0,0,0,51,
20,20,OKLAHOMA,40,2007,6,Flash Flood,C,113,OSAGE,0,0,0,0,0,0,,
20,20,OKLAHOMA,40,2007,6,Thunderstorm Wind,C,141,TILLMAN,0,0,0,0,0,0,62,
20,20,OKLAHOMA,40,2007,6,Thunderstorm Wind,C,141,TILLMAN,0,0,0,0,0,0,61,
20,20,OKLAHOMA,40,2007,6,Thunderstorm Wind,C,141,TILLMAN,0,0,0,0,0,0,58,
20,20,OKLAHOMA,40,2007,6,Thunderstorm Wind,C,141,TILLMAN,0,0,0,0,0,0,52,
20,20,OKLAHOMA,40,2007,6,Flash Flood,C,99,MURRAY,0,0,0,0,0,0,,
20,20,OKLAHOMA,40,2007,6,Flash Flood,C,31,COMANCHE,0,0,0,0,0,0,,
20,20,OKLAHOMA,40,2007,6,Flash Flood,C,133,SEMINOLE,0,0,0,0,0,0,,
20,20,OKLAHOMA,40,2007,6,Flash Flood,C,123,PONTOTOC,0,0,0,0,0,0,,
20,20,OKLAHOMA,40,2007,6,Thunderstorm Wind,C,79,LE FLORE,0,0,0,0,0,0,52,
22,22,OKLAHOMA,40,2007,6,Flood,C,75,KIOWA,0,0,0,0,0,0,,
22,22,OKLAHOMA,40,2007,6,Flash Flood,C,149,WASHITA,0,0,0,0,0,0,,
23,23,OKLAHOMA,40,2007,6,Flash Flood,C,145,WAGONER,0,0,0,0,1000,0,,
23,23,OKLAHOMA,40,2007,6,Flash Flood,C,131,ROGERS,0,0,0,0,1000,0,,
23,23,OKLAHOMA,40,2007,6,Flash Flood,C,131,ROGERS,0,0,0,0,15000,0,,
23,23,OKLAHOMA,40,2007,6,Flash Flood,C,97,MAYES,0,0,0,0,1000,0,,
23,23,OKLAHOMA,40,2007,6,Flash Flood,C,111,OKMULGEE,0,0,0,0,20000,0,,
23,23,OKLAHOMA,40,2007,6,Flash Flood,C,101,MUSKOGEE,0,0,0,0,15000,0,,
23,23,OKLAHOMA,40,2007,6,Flash Flood,C,97,MAYES,0,0,0,0,0,0,,
23,23,OKLAHOMA,40,2007,6,Flash Flood,C,145,WAGONER,0,0,0,0,10000,0,,
23,23,OKLAHOMA,40,2007,6,Flash Flood,C,107,OKFUSKEE,0,0,0,0,0,0,,
23,23,OKLAHOMA,40,2007,6,Thunderstorm Wind,C,27,CLEVELAND,0,0,0,0,2000,0,52,
23,23,OKLAHOMA,40,2007,6,Hail,C,17,CANADIAN,0,0,0,0,0,0,1,
23,23,OKLAHOMA,40,2007,6,Hail,C,17,CANADIAN,0,0,0,0,0,0,0.75,
23,23,OKLAHOMA,40,2007,6,Hail,C,11,BLAINE,0,0,0,0,0,0,0.88,
23,23,OKLAHOMA,40,2007,6,Thunderstorm Wind,C,11,BLAINE,0,0,0,0,0,0,52,
26,26,OKLAHOMA,40,2007,6,Flash Flood,C,141,TILLMAN,0,0,0,0,0,0,,
26,26,OKLAHOMA,40,2007,6,Flash Flood,C,137,STEPHENS,0,0,0,0,0,0,,
26,26,OKLAHOMA,40,2007,6,Flash Flood,C,137,STEPHENS,0,0,0,0,0,0,,
26,26,OKLAHOMA,40,2007,6,Flash Flood,C,33,COTTON,0,0,0,0,0,0,,
26,26,OKLAHOMA,40,2007,6,Flash Flood,C,33,COTTON,0,0,0,0,40000,0,,
26,26,OKLAHOMA,40,2007,6,Flash Flood,C,67,JEFFERSON,0,0,0,0,0,0,,
26,26,OKLAHOMA,40,2007,6,Flood,C,125,POTTAWATOMIE,0,0,0,0,0,0,,
26,26,OKLAHOMA,40,2007,6,Flood,C,125,POTTAWATOMIE,0,0,0,0,100000,0,,
26,26,OKLAHOMA,40,2007,6,Flood,C,125,POTTAWATOMIE,0,0,0,0,20000,0,,
26,26,OKLAHOMA,40,2007,6,Flash Flood,C,109,OKLAHOMA,0,0,0,0,5000,0,,
26,26,OKLAHOMA,40,2007,6,Flash Flood,C,17,CANADIAN,0,0,0,0,0,0,,
26,26,OKLAHOMA,40,2007,6,Flash Flood,C,17,CANADIAN,0,0,0,0,0,0,,
26,26,OKLAHOMA,40,2007,6,Flood,C,119,PAYNE,0,0,0,0,0,0,,
26,26,OKLAHOMA,40,2007,6,Hail,C,25,CIMARRON,0,0,0,0,0,0,0.88,
26,26,OKLAHOMA,40,2007,6,Hail,C,25,CIMARRON,0,0,0,0,0,0,1.75,
27,27,OKLAHOMA,40,2007,6,Flash Flood,C,47,GARFIELD,0,0,0,0,0,0,,
27,27,OKLAHOMA,40,2007,6,Flash Flood,C,47,GARFIELD,0,0,0,0,0,0,,
27,27,OKLAHOMA,40,2007,6,Heavy Rain,C,47,GARFIELD,0,0,0,0,0,0,,
27,27,OKLAHOMA,40,2007,6,Flood,C,47,GARFIELD,0,0,0,0,0,0,,
28,28,OKLAHOMA,40,2007,6,Flood,C,73,KINGFISHER,0,0,0,0,0,0,,
28,28,OKLAHOMA,40,2007,6,Flash Flood,C,117,PAWNEE,0,0,0,0,0,0,,
28,28,OKLAHOMA,40,2007,6,Flash Flood,C,31,COMANCHE,0,0,0,0,0,0,,
28,28,OKLAHOMA,40,2007,6,Flash Flood,C,31,COMANCHE,0,0,0,0,0,0,,
28,28,OKLAHOMA,40,2007,6,Flash Flood,C,15,CADDO,0,0,0,0,5000,0,,
28,28,OKLAHOMA,40,2007,6,Flash Flood,C,119,PAYNE,0,0,0,0,0,0,,
28,28,OKLAHOMA,40,2007,6,Flash Flood,C,31,COMANCHE,0,0,0,0,0,0,,
28,28,OKLAHOMA,40,2007,6,Flash Flood,C,119,PAYNE,0,0,0,0,0,0,,
28,28,OKLAHOMA,40,2007,6,Flash Flood,C,119,PAYNE,0,0,0,0,0,0,,
28,28,OKLAHOMA,40,2007,6,Flash Flood,C,119,PAYNE,0,0,0,0,0,0,,
28,28,OKLAHOMA,40,2007,6,Flash Flood,C,137,STEPHENS,0,0,0,0,0,0,,
28,28,OKLAHOMA,40,2007,6,Flash Flood,C,51,GRADY,0,0,0,0,0,0,,
28,29,OKLAHOMA,40,2007,6,Flash Flood,C,113,OSAGE,0,0,0,0,0,0,,
29,29,OKLAHOMA,40,2007,6,Flash Flood,C,113,OSAGE,0,0,0,0,0,0,,
29,30,OKLAHOMA,40,2007,6,Flood,C,115,OTTAWA,0,0,0,0,0,0,,
29,29,OKLAHOMA,40,2007,6,Flash Flood,C,75,KIOWA,0,0,0,0,0,0,,
29,29,OKLAHOMA,40,2007,6,Flash Flood,C,75,KIOWA,0,0,0,0,0,0,,
29,29,OKLAHOMA,40,2007,6,Flash Flood,C,75,KIOWA,0,0,0,0,0,0,,
29,29,OKLAHOMA,40,2007,6,Flash Flood,C,31,COMANCHE,0,0,0,0,30000,0,,
29,29,OKLAHOMA,40,2007,6,Flash Flood,C,11,BLAINE,0,0,0,0,0,0,,
29,29,OKLAHOMA,40,2007,6,Flash Flood,C,17,CANADIAN,0,0,0,0,0,0,,
29,29,OKLAHOMA,40,2007,6,Flash Flood,C,119,PAYNE,0,0,0,0,0,0,,
29,29,OKLAHOMA,40,2007,6,Flash Flood,C,113,OSAGE,0,0,0,0,0,0,,
29,29,OKLAHOMA,40,2007,6,Flash Flood,C,109,OKLAHOMA,0,0,0,0,0,0,,
29,29,OKLAHOMA,40,2007,6,Flood,C,31,COMANCHE,0,0,0,0,0,0,,
29,30,OKLAHOMA,40,2007,6,Flood,C,105,NOWATA,0,0,0,0,0,0,,
30,30,OKLAHOMA,40,2007,6,Flood,C,147,WASHINGTON,0,0,0,0,0,0,,
30,30,OKLAHOMA,40,2007,6,Flood,C,147,WASHINGTON,0,0,0,0,0,0,,
30,30,OKLAHOMA,40,2007,6,Flood,C,143,TULSA,0,0,0,0,0,0,,
1,6,OKLAHOMA,40,2007,7,Flood,C,147,WASHINGTON,0,0,0,0,1000000,0,,
1,9,OKLAHOMA,40,2007,7,Flood,C,115,OTTAWA,0,0,0,0,20000000,0,,
1,8,OKLAHOMA,40,2007,7,Flood,C,105,NOWATA,0,0,0,0,250000,0,,
1,10,OKLAHOMA,40,2007,7,Flood,C,143,TULSA,0,0,0,0,0,0,,
1,1,OKLAHOMA,40,2007,7,Flash Flood,C,21,CHEROKEE,0,0,0,0,0,0,,
1,1,OKLAHOMA,40,2007,7,Flash Flood,C,145,WAGONER,0,0,0,0,0,0,,
1,1,OKLAHOMA,40,2007,7,Flash Flood,C,77,LATIMER,0,0,0,0,0,0,,
1,1,OKLAHOMA,40,2007,7,Flash Flood,C,79,LE FLORE,0,0,0,0,5000,0,,
1,1,OKLAHOMA,40,2007,7,Flash Flood,C,127,PUSHMATAHA,0,0,0,0,0,0,,
1,1,OKLAHOMA,40,2007,7,Flash Flood,C,107,OKFUSKEE,0,0,0,0,0,0,,
2,2,OKLAHOMA,40,2007,7,Flash Flood,C,121,PITTSBURG,0,0,0,0,0,0,,
2,2,OKLAHOMA,40,2007,7,Flash Flood,C,5,ATOKA,0,0,0,0,0,0,,
2,2,OKLAHOMA,40,2007,7,Flash Flood,C,121,PITTSBURG,0,0,0,0,0,0,,
2,2,OKLAHOMA,40,2007,7,Flash Flood,C,127,PUSHMATAHA,0,0,0,0,0,0,,
2,2,OKLAHOMA,40,2007,7,Flash Flood,C,121,PITTSBURG,0,0,0,0,0,0,,
2,2,OKLAHOMA,40,2007,7,Flash Flood,C,77,LATIMER,0,0,0,0,0,0,,
2,2,OKLAHOMA,40,2007,7,Flash Flood,C,127,PUSHMATAHA,0,0,0,0,15000,0,,
2,2,OKLAHOMA,40,2007,7,Flash Flood,C,91,MCINTOSH,0,0,0,0,0,0,,
2,2,OKLAHOMA,40,2007,7,Flash Flood,C,23,CHOCTAW,0,0,0,0,0,0,,
2,2,OKLAHOMA,40,2007,7,Flash Flood,C,101,MUSKOGEE,0,0,0,0,0,0,,
5,5,OKLAHOMA,40,2007,7,Thunderstorm Wind,C,143,TULSA,0,0,0,0,0,0,52,
5,5,OKLAHOMA,40,2007,7,Thunderstorm Wind,C,143,TULSA,0,0,0,0,0,0,52,
5,5,OKLAHOMA,40,2007,7,Thunderstorm Wind,C,143,TULSA,0,0,0,0,0,0,61,
5,5,OKLAHOMA,40,2007,7,Flash Flood,C,143,TULSA,0,0,0,0,0,0,,
5,5,OKLAHOMA,40,2007,7,Flash Flood,C,143,TULSA,0,0,0,0,0,0,,
5,5,OKLAHOMA,40,2007,7,Hail,C,143,TULSA,0,0,0,0,0,0,0.75,
5,5,OKLAHOMA,40,2007,7,Flash Flood,C,143,TULSA,0,0,0,0,0,0,,
5,5,OKLAHOMA,40,2007,7,Flash Flood,C,143,TULSA,0,0,0,0,0,0,,
5,5,OKLAHOMA,40,2007,7,Flash Flood,C,37,CREEK,0,0,0,0,2000,0,,
5,5,OKLAHOMA,40,2007,7,Flash Flood,C,21,CHEROKEE,0,0,0,0,1000,0,,
5,5,OKLAHOMA,40,2007,7,Flash Flood,C,21,CHEROKEE,0,0,0,0,0,0,,
5,5,OKLAHOMA,40,2007,7,Thunderstorm Wind,C,135,SEQUOYAH,0,0,0,0,0,0,61,
5,5,OKLAHOMA,40,2007,7,Flash Flood,C,101,MUSKOGEE,0,0,0,0,10000,0,,
5,5,OKLAHOMA,40,2007,7,Flash Flood,C,135,SEQUOYAH,0,0,0,0,10000,0,,
8,8,OKLAHOMA,40,2007,7,Hail,C,139,TEXAS,0,0,0,0,0,0,1,
8,8,OKLAHOMA,40,2007,7,Hail,C,139,TEXAS,0,0,0,0,0,0,1,
8,8,OKLAHOMA,40,2007,7,Hail,C,139,TEXAS,0,0,0,0,0,0,0.88,
9,9,OKLAHOMA,40,2007,7,Hail,C,17,CANADIAN,0,0,0,0,0,0,1.75,
9,9,OKLAHOMA,40,2007,7,Thunderstorm Wind,C,37,CREEK,0,0,0,0,0,0,52,
9,9,OKLAHOMA,40,2007,7,Thunderstorm Wind,C,107,OKFUSKEE,0,0,0,0,0,0,61,
9,9,OKLAHOMA,40,2007,7,Thunderstorm Wind,C,15,CADDO,0,0,0,0,0,0,61,
9,9,OKLAHOMA,40,2007,7,Hail,C,15,CADDO,0,0,0,0,0,0,1,
9,9,OKLAHOMA,40,2007,7,Tornado,C,101,MUSKOGEE,0,0,0,0,100000,0,,EF1
9,9,OKLAHOMA,40,2007,7,Thunderstorm Wind,C,145,WAGONER,0,0,0,0,0,0,52,
9,9,OKLAHOMA,40,2007,7,Hail,C,17,CANADIAN,0,0,0,0,0,0,1,
9,9,OKLAHOMA,40,2007,7,Hail,C,15,CADDO,0,0,0,0,0,0,1.5,
9,9,OKLAHOMA,40,2007,7,Thunderstorm Wind,C,111,OKMULGEE,0,0,0,0,0,0,61,
9,9,OKLAHOMA,40,2007,7,Hail,C,17,CANADIAN,0,0,0,0,0,0,1.75,
9,9,OKLAHOMA,40,2007,7,Hail,C,91,MCINTOSH,0,0,0,0,0,0,1,
9,9,OKLAHOMA,40,2007,7,Thunderstorm Wind,C,91,MCINTOSH,0,0,0,0,25000,0,70,
9,9,OKLAHOMA,40,2007,7,Hail,C,81,LINCOLN,0,0,0,0,0,0,0.88,
9,9,OKLAHOMA,40,2007,7,Hail,C,81,LINCOLN,0,0,0,0,0,0,1,
9,9,OKLAHOMA,40,2007,7,Thunderstorm Wind,C,81,LINCOLN,0,0,0,0,0,0,52,
9,9,OKLAHOMA,40,2007,7,Flash Flood,C,107,OKFUSKEE,0,0,0,0,0,0,,
9,9,OKLAHOMA,40,2007,7,Hail,C,81,LINCOLN,0,0,0,0,0,0,1,
9,9,OKLAHOMA,40,2007,7,Hail,C,81,LINCOLN,0,0,0,0,0,0,1.25,
9,9,OKLAHOMA,40,2007,7,Thunderstorm Wind,C,109,OKLAHOMA,0,0,0,0,0,0,52,
9,9,OKLAHOMA,40,2007,7,Hail,C,133,SEMINOLE,0,0,0,0,0,0,0.75,
9,9,OKLAHOMA,40,2007,7,Thunderstorm Wind,C,109,OKLAHOMA,0,0,0,0,6000,0,52,
9,9,OKLAHOMA,40,2007,7,Thunderstorm Wind,C,97,MAYES,0,0,0,0,0,0,61,
9,9,OKLAHOMA,40,2007,7,Hail,C,27,CLEVELAND,0,0,0,0,0,0,0.75,
9,9,OKLAHOMA,40,2007,7,Thunderstorm Wind,C,27,CLEVELAND,0,0,0,0,0,0,56,
9,9,OKLAHOMA,40,2007,7,Thunderstorm Wind,C,27,CLEVELAND,0,0,0,0,0,0,51,
9,9,OKLAHOMA,40,2007,7,Thunderstorm Wind,C,27,CLEVELAND,0,0,0,0,0,0,59,
9,9,OKLAHOMA,40,2007,7,Hail,C,27,CLEVELAND,0,0,0,0,0,0,0.88,
9,9,OKLAHOMA,40,2007,7,Thunderstorm Wind,C,27,CLEVELAND,0,0,0,0,0,0,57,
9,9,OKLAHOMA,40,2007,7,Thunderstorm Wind,C,27,CLEVELAND,0,0,0,0,12000,0,52,
9,9,OKLAHOMA,40,2007,7,Thunderstorm Wind,C,87,MCCLAIN,0,0,0,0,1500,0,52,
9,9,OKLAHOMA,40,2007,7,Thunderstorm Wind,C,27,CLEVELAND,0,0,0,0,3500,0,52,
9,9,OKLAHOMA,40,2007,7,Thunderstorm Wind,C,87,MCCLAIN,0,0,0,0,0,0,52,
9,9,OKLAHOMA,40,2007,7,Hail,C,43,DEWEY,0,0,0,0,0,0,1.75,
9,9,OKLAHOMA,40,2007,7,Thunderstorm Wind,C,125,POTTAWATOMIE,0,0,0,0,0,0,61,
9,9,OKLAHOMA,40,2007,7,Hail,C,27,CLEVELAND,0,0,0,0,0,0,0.75,
9,9,OKLAHOMA,40,2007,7,Flash Flood,C,89,MCCURTAIN,0,0,0,0,0,0,,
9,9,OKLAHOMA,40,2007,7,Thunderstorm Wind,C,23,CHOCTAW,0,0,0,0,0,0,61,
9,9,OKLAHOMA,40,2007,7,Flash Flood,C,133,SEMINOLE,0,0,0,0,0,0,,
9,9,OKLAHOMA,40,2007,7,Hail,C,27,CLEVELAND,0,0,0,0,0,0,0.75,
9,9,OKLAHOMA,40,2007,7,Hail,C,43,DEWEY,0,0,0,0,0,0,1,
9,9,OKLAHOMA,40,2007,7,Thunderstorm Wind,C,43,DEWEY,0,0,0,0,0,0,52,
9,9,OKLAHOMA,40,2007,7,Flash Flood,C,63,HUGHES,0,0,0,0,0,0,,
9,9,OKLAHOMA,40,2007,7,Hail,C,39,CUSTER,0,0,0,0,0,0,0.75,
9,9,OKLAHOMA,40,2007,7,Thunderstorm Wind,C,5,ATOKA,0,0,0,0,20000,0,52,
9,9,OKLAHOMA,40,2007,7,Thunderstorm Wind,C,5,ATOKA,0,0,0,0,4000,0,52,
9,9,OKLAHOMA,40,2007,7,Thunderstorm Wind,C,23,CHOCTAW,0,0,0,0,0,0,61,
9,9,OKLAHOMA,40,2007,7,Thunderstorm Wind,C,51,GRADY,0,0,0,0,60000,0,56,
9,9,OKLAHOMA,40,2007,7,Hail,C,17,CANADIAN,0,0,0,0,0,0,0.75,
9,9,OKLAHOMA,40,2007,7,Flash Flood,C,89,MCCURTAIN,0,0,0,0,0,0,,
9,9,OKLAHOMA,40,2007,7,Thunderstorm Wind,C,51,GRADY,0,0,0,0,0,0,56,
9,9,OKLAHOMA,40,2007,7,Thunderstorm Wind,C,83,LOGAN,0,0,0,0,1500,0,52,
9,9,OKLAHOMA,40,2007,7,Thunderstorm Wind,C,49,GARVIN,0,0,0,0,1500,0,56,
10,10,OKLAHOMA,40,2007,7,Hail,C,49,GARVIN,0,0,0,0,0,0,0.75,
10,10,OKLAHOMA,40,2007,7,Flash Flood,C,37,CREEK,0,0,0,0,0,0,,
10,10,OKLAHOMA,40,2007,7,Hail,C,87,MCCLAIN,0,0,0,0,0,0,0.88,
10,10,OKLAHOMA,40,2007,7,Thunderstorm Wind,C,87,MCCLAIN,0,0,0,0,10000,0,52,
10,10,OKLAHOMA,40,2007,7,Flash Flood,C,87,MCCLAIN,0,0,0,0,10000,0,,
10,10,OKLAHOMA,40,2007,7,Heavy Rain,C,87,MCCLAIN,0,0,0,0,0,0,,
10,10,OKLAHOMA,40,2007,7,Flash Flood,C,109,OKLAHOMA,0,0,0,0,0,0,,
10,10,OKLAHOMA,40,2007,7,Flash Flood,C,51,GRADY,0,0,0,0,0,0,,
10,10,OKLAHOMA,40,2007,7,Flash Flood,C,27,CLEVELAND,0,0,0,0,15000,0,,
10,10,OKLAHOMA,40,2007,7,Thunderstorm Wind,C,19,CARTER,0,0,0,0,2500,0,52,
10,10,OKLAHOMA,40,2007,7,Flash Flood,C,49,GARVIN,0,0,0,0,0,0,,
10,10,OKLAHOMA,40,2007,7,Flash Flood,C,99,MURRAY,0,0,0,0,0,0,,
10,10,OKLAHOMA,40,2007,7,Flash Flood,C,17,CANADIAN,0,0,0,0,0,0,,
10,10,OKLAHOMA,40,2007,7,Flash Flood,C,87,MCCLAIN,0,0,0,0,400000,0,,
10,10,OKLAHOMA,40,2007,7,Flash Flood,C,125,POTTAWATOMIE,0,0,0,0,0,0,,
10,10,OKLAHOMA,40,2007,7,Flash Flood,C,87,MCCLAIN,0,0,0,0,0,0,,
10,10,OKLAHOMA,40,2007,7,Flash Flood,C,49,GARVIN,0,0,0,0,0,0,,
10,10,OKLAHOMA,40,2007,7,Hail,C,109,OKLAHOMA,0,0,0,0,0,0,0.75,
10,10,OKLAHOMA,40,2007,7,Heavy Rain,C,109,OKLAHOMA,0,0,0,0,0,0,,
10,10,OKLAHOMA,40,2007,7,Flash Flood,C,123,PONTOTOC,0,0,0,0,0,0,,
10,10,OKLAHOMA,40,2007,7,Flash Flood,C,123,PONTOTOC,0,0,0,0,0,0,,
10,10,OKLAHOMA,40,2007,7,Flash Flood,C,123,PONTOTOC,0,0,0,0,0,0,,
10,10,OKLAHOMA,40,2007,7,Flash Flood,C,89,MCCURTAIN,0,0,0,0,0,0,,
10,10,OKLAHOMA,40,2007,7,Thunderstorm Wind,C,13,BRYAN,0,0,0,0,0,0,58,
10,10,OKLAHOMA,40,2007,7,Thunderstorm Wind,C,13,BRYAN,0,0,0,0,4000,0,52,
10,10,OKLAHOMA,40,2007,7,Flash Flood,C,13,BRYAN,0,0,0,0,0,0,,
10,12,OKLAHOMA,40,2007,7,Flood,C,27,CLEVELAND,0,0,0,0,20000,0,,
12,12,OKLAHOMA,40,2007,7,Flash Flood,C,113,OSAGE,0,0,0,0,0,0,,
12,12,OKLAHOMA,40,2007,7,Thunderstorm Wind,C,7,BEAVER,0,0,0,0,1500,0,56,
12,12,OKLAHOMA,40,2007,7,Hail,C,7,BEAVER,0,0,0,0,0,0,0.75,
12,12,OKLAHOMA,40,2007,7,Thunderstorm Wind,C,139,TEXAS,0,0,0,0,0,0,51,
12,12,OKLAHOMA,40,2007,7,Thunderstorm Wind,C,139,TEXAS,0,0,0,0,1000,0,51,
12,12,OKLAHOMA,40,2007,7,Flash Flood,C,139,TEXAS,0,0,0,0,0,0,,
13,13,OKLAHOMA,40,2007,7,Flash Flood,C,119,PAYNE,0,0,0,0,10000,0,,
15,15,OKLAHOMA,40,2007,7,Hail,C,131,ROGERS,0,0,0,0,0,0,0.88,
16,16,OKLAHOMA,40,2007,7,Hail,C,143,TULSA,0,0,0,0,25000,0,1.75,
23,23,OKLAHOMA,40,2007,7,Thunderstorm Wind,C,149,WASHITA,0,0,0,0,0,0,52,
30,30,OKLAHOMA,40,2007,7,Flash Flood,C,73,KINGFISHER,0,0,0,0,15000,0,,
30,30,OKLAHOMA,40,2007,7,Flash Flood,C,109,OKLAHOMA,0,0,0,0,0,0,,
30,30,OKLAHOMA,40,2007,7,Flash Flood,C,125,POTTAWATOMIE,0,0,0,0,0,0,,
31,31,OKLAHOMA,40,2007,7,Flash Flood,C,23,CHOCTAW,0,0,0,0,0,0,,
31,31,OKLAHOMA,40,2007,7,Flash Flood,C,13,BRYAN,0,0,0,0,0,0,,
31,31,OKLAHOMA,40,2007,7,Flash Flood,C,13,BRYAN,0,0,0,0,0,0,,
31,31,OKLAHOMA,40,2007,7,Flash Flood,C,13,BRYAN,0,0,0,0,0,0,,
31,31,OKLAHOMA,40,2007,7,Flash Flood,C,13,BRYAN,0,0,0,0,0,0,,
1,1,OKLAHOMA,40,2007,8,Flash Flood,C,49,GARVIN,0,0,0,0,0,0,,
1,1,OKLAHOMA,40,2007,8,Flash Flood,C,149,WASHITA,0,0,0,0,0,0,,
9,9,OKLAHOMA,40,2007,8,Thunderstorm Wind,C,71,KAY,0,0,0,0,0,0,51,
9,9,OKLAHOMA,40,2007,8,Hail,C,47,GARFIELD,0,0,0,0,0,0,1,
9,9,OKLAHOMA,40,2007,8,Thunderstorm Wind,C,47,GARFIELD,0,0,0,0,300,0,61,
9,9,OKLAHOMA,40,2007,8,Thunderstorm Wind,C,47,GARFIELD,0,0,0,0,0,0,61,
9,9,OKLAHOMA,40,2007,8,Hail,C,47,GARFIELD,0,0,0,0,0,0,1.75,
9,9,OKLAHOMA,40,2007,8,Thunderstorm Wind,C,73,KINGFISHER,0,0,0,0,4000,0,64,
9,9,OKLAHOMA,40,2007,8,Thunderstorm Wind,C,73,KINGFISHER,0,0,0,0,0,0,64,
17,17,OKLAHOMA,40,2007,8,Thunderstorm Wind,C,89,MCCURTAIN,0,0,0,0,0,0,54,
18,18,OKLAHOMA,40,2007,8,Tornado,C,75,KIOWA,0,0,0,0,50000,0,,EF1
18,18,OKLAHOMA,40,2007,8,Tornado,C,149,WASHITA,0,0,0,0,0,0,,EF0
18,18,OKLAHOMA,40,2007,8,Tornado,C,51,GRADY,0,0,0,0,15000,0,,EF1
18,19,OKLAHOMA,40,2007,8,Flash Flood,C,15,CADDO,0,0,0,0,0,0,,
18,19,OKLAHOMA,40,2007,8,Flash Flood,C,75,KIOWA,0,0,0,0,0,0,,
18,19,OKLAHOMA,40,2007,8,Flash Flood,C,75,KIOWA,0,0,0,0,0,0,,
18,19,OKLAHOMA,40,2007,8,Flash Flood,C,31,COMANCHE,0,0,0,0,200000,0,,
18,18,OKLAHOMA,40,2007,8,Thunderstorm Wind,C,15,CADDO,0,0,0,0,0,0,61,
18,18,OKLAHOMA,40,2007,8,Thunderstorm Wind,C,15,CADDO,0,0,0,0,4000,0,61,
18,19,OKLAHOMA,40,2007,8,Flash Flood,C,75,KIOWA,0,0,0,0,0,0,,
18,18,OKLAHOMA,40,2007,8,Thunderstorm Wind,C,15,CADDO,0,0,0,0,0,0,52,
18,18,OKLAHOMA,40,2007,8,Thunderstorm Wind,C,15,CADDO,0,0,0,0,10000,0,65,
18,19,OKLAHOMA,40,2007,8,Flash Flood,C,15,CADDO,0,0,3,0,10000,0,,
18,19,OKLAHOMA,40,2007,8,Flash Flood,C,15,CADDO,0,0,1,0,100000,0,,
18,18,OKLAHOMA,40,2007,8,Thunderstorm Wind,C,15,CADDO,0,0,0,0,0,0,56,
18,18,OKLAHOMA,40,2007,8,Thunderstorm Wind,C,15,CADDO,0,0,0,0,0,0,54,
18,18,OKLAHOMA,40,2007,8,Thunderstorm Wind,C,15,CADDO,0,0,0,0,0,0,54,
18,18,OKLAHOMA,40,2007,8,Thunderstorm Wind,C,15,CADDO,0,0,0,0,0,0,56,
19,19,OKLAHOMA,40,2007,8,Thunderstorm Wind,C,11,BLAINE,0,0,0,0,0,0,54,
19,19,OKLAHOMA,40,2007,8,Thunderstorm Wind,C,11,BLAINE,0,0,0,0,0,0,53,
19,19,OKLAHOMA,40,2007,8,Thunderstorm Wind,C,11,BLAINE,0,0,0,0,0,0,56,
19,19,OKLAHOMA,40,2007,8,Thunderstorm Wind,C,39,CUSTER,0,0,0,0,10000,0,56,
19,19,OKLAHOMA,40,2007,8,Thunderstorm Wind,C,15,CADDO,0,0,0,0,0,0,56,
19,19,OKLAHOMA,40,2007,8,Thunderstorm Wind,C,11,BLAINE,0,0,0,0,0,0,51,
19,19,OKLAHOMA,40,2007,8,Thunderstorm Wind,C,11,BLAINE,0,0,0,0,0,0,70,
19,19,OKLAHOMA,40,2007,8,Tornado,C,15,CADDO,0,0,0,0,5000,0,,EF0
19,19,OKLAHOMA,40,2007,8,Flash Flood,C,11,BLAINE,0,0,0,0,1000000,0,,
19,19,OKLAHOMA,40,2007,8,Tornado,C,17,CANADIAN,0,0,0,0,5000,0,,EF0
19,19,OKLAHOMA,40,2007,8,Thunderstorm Wind,C,11,BLAINE,0,0,0,0,0,0,63,
19,19,OKLAHOMA,40,2007,8,Tornado,C,51,GRADY,0,0,0,0,45000,0,,EF1
19,19,OKLAHOMA,40,2007,8,Tornado,C,17,CANADIAN,0,0,0,0,5000,0,,EF1
19,19,OKLAHOMA,40,2007,8,Thunderstorm Wind,C,17,CANADIAN,0,0,0,0,0,0,70,
19,19,OKLAHOMA,40,2007,8,Thunderstorm Wind,C,17,CANADIAN,0,0,0,0,0,0,70,
19,19,OKLAHOMA,40,2007,8,Thunderstorm Wind,C,11,BLAINE,0,0,0,0,0,0,71,
19,19,OKLAHOMA,40,2007,8,Thunderstorm Wind,C,17,CANADIAN,0,0,0,0,8000,0,56,
19,19,OKLAHOMA,40,2007,8,Thunderstorm Wind,C,11,BLAINE,0,0,0,0,500000,0,70,
19,19,OKLAHOMA,40,2007,8,Thunderstorm Wind,C,11,BLAINE,0,0,0,0,60000,0,70,
19,19,OKLAHOMA,40,2007,8,Thunderstorm Wind,C,11,BLAINE,2,0,0,0,84000,0,74,
19,19,OKLAHOMA,40,2007,8,Thunderstorm Wind,C,51,GRADY,0,0,0,0,0,0,50,
19,19,OKLAHOMA,40,2007,8,Flash Flood,C,75,KIOWA,0,0,0,0,60000,0,,
19,19,OKLAHOMA,40,2007,8,Flash Flood,C,75,KIOWA,1,0,0,0,0,0,,
19,19,OKLAHOMA,40,2007,8,Thunderstorm Wind,C,17,CANADIAN,0,0,0,0,4000,0,61,
19,19,OKLAHOMA,40,2007,8,Flash Flood,C,51,GRADY,0,0,0,0,1000000,0,,
19,19,OKLAHOMA,40,2007,8,Thunderstorm Wind,C,87,MCCLAIN,0,0,0,0,4000,0,56,
19,19,OKLAHOMA,40,2007,8,Flash Flood,C,17,CANADIAN,0,0,0,0,100000,0,,
19,19,OKLAHOMA,40,2007,8,Thunderstorm Wind,C,109,OKLAHOMA,0,0,0,0,500,0,52,
19,19,OKLAHOMA,40,2007,8,Flash Flood,C,87,MCCLAIN,0,0,0,0,5000,0,,
19,19,OKLAHOMA,40,2007,8,Lightning,C,15,CADDO,0,0,0,0,80000,0,,
19,19,OKLAHOMA,40,2007,8,Thunderstorm Wind,C,73,KINGFISHER,0,0,0,0,0,0,52,
19,19,OKLAHOMA,40,2007,8,Flash Flood,C,17,CANADIAN,0,0,0,0,100000,0,,
19,19,OKLAHOMA,40,2007,8,Flash Flood,C,17,CANADIAN,0,0,0,0,800000,0,,
19,19,OKLAHOMA,40,2007,8,Thunderstorm Wind,C,27,CLEVELAND,0,0,0,0,5000,0,70,
19,19,OKLAHOMA,40,2007,8,Flash Flood,C,15,CADDO,0,0,0,0,0,0,,
19,19,OKLAHOMA,40,2007,8,Flash Flood,C,27,CLEVELAND,0,0,0,0,20000,0,,
19,19,OKLAHOMA,40,2007,8,Flash Flood,C,39,CUSTER,0,0,0,0,50000,0,,
19,19,OKLAHOMA,40,2007,8,Flash Flood,C,73,KINGFISHER,0,0,1,0,500000,0,,
19,19,OKLAHOMA,40,2007,8,Flash Flood,C,109,OKLAHOMA,0,0,0,0,15000,0,,
19,19,OKLAHOMA,40,2007,8,Flash Flood,C,27,CLEVELAND,0,0,0,0,15000,0,,
19,19,OKLAHOMA,40,2007,8,Flash Flood,C,49,GARVIN,0,0,0,0,20000,0,,
19,19,OKLAHOMA,40,2007,8,Heavy Rain,C,27,CLEVELAND,0,0,0,0,0,0,,
19,19,OKLAHOMA,40,2007,8,Heavy Rain,C,15,CADDO,0,0,0,0,0,0,,
19,19,OKLAHOMA,40,2007,8,Heavy Rain,C,75,KIOWA,0,0,0,0,0,0,,
19,19,OKLAHOMA,40,2007,8,Heavy Rain,C,11,BLAINE,0,0,0,0,0,0,,
19,19,OKLAHOMA,40,2007,8,Heavy Rain,C,11,BLAINE,0,0,0,0,0,0,,
19,19,OKLAHOMA,40,2007,8,Heavy Rain,C,33,COTTON,0,0,0,0,0,0,,
19,19,OKLAHOMA,40,2007,8,Heavy Rain,C,17,CANADIAN,0,0,0,0,0,0,,
19,19,OKLAHOMA,40,2007,8,Heavy Rain,C,109,OKLAHOMA,0,0,0,0,0,0,,
19,19,OKLAHOMA,40,2007,8,Heavy Rain,C,27,CLEVELAND,0,0,0,0,0,0,,
19,19,OKLAHOMA,40,2007,8,Heavy Rain,C,15,CADDO,0,0,0,0,0,0,,
19,19,OKLAHOMA,40,2007,8,Flash Flood,C,81,LINCOLN,0,0,0,0,5000,0,,
19,19,OKLAHOMA,40,2007,8,Flash Flood,C,125,POTTAWATOMIE,0,0,0,0,250000,0,,
19,19,OKLAHOMA,40,2007,8,Flash Flood,C,133,SEMINOLE,0,0,1,0,50000,0,,
19,19,OKLAHOMA,40,2007,8,Flash Flood,C,107,OKFUSKEE,0,0,0,0,250000,0,,
19,19,OKLAHOMA,40,2007,8,Flash Flood,C,111,OKMULGEE,0,0,0,0,10000,0,,
19,19,OKLAHOMA,40,2007,8,Flash Flood,C,111,OKMULGEE,0,0,0,0,400000,0,,
19,19,OKLAHOMA,40,2007,8,Flash Flood,C,91,MCINTOSH,0,0,0,0,0,0,,
19,19,OKLAHOMA,40,2007,8,Thunderstorm Wind,C,91,MCINTOSH,0,0,0,0,25000,0,70,
19,19,OKLAHOMA,40,2007,8,Flash Flood,C,101,MUSKOGEE,0,0,0,0,0,0,,
19,19,OKLAHOMA,40,2007,8,Flash Flood,C,101,MUSKOGEE,0,0,0,0,0,0,,
19,19,OKLAHOMA,40,2007,8,Flash Flood,C,101,MUSKOGEE,0,0,0,0,0,0,,
20,20,OKLAHOMA,40,2007,8,Hail,C,7,BEAVER,0,0,0,0,0,0,0.75,
20,20,OKLAHOMA,40,2007,8,Hail,C,139,TEXAS,0,0,0,0,0,0,0.75,
20,20,OKLAHOMA,40,2007,8,Thunderstorm Wind,C,3,ALFALFA,0,0,0,0,400,0,50,
23,23,OKLAHOMA,40,2007,8,Thunderstorm Wind,C,25,CIMARRON,0,0,0,0,0,0,52,
24,24,OKLAHOMA,40,2007,8,Thunderstorm Wind,C,109,OKLAHOMA,0,0,0,0,0,0,52,
24,24,OKLAHOMA,40,2007,8,Thunderstorm Wind,C,109,OKLAHOMA,0,0,0,0,0,0,53,
24,24,OKLAHOMA,40,2007,8,Thunderstorm Wind,C,109,OKLAHOMA,0,0,0,0,0,0,51,
24,24,OKLAHOMA,40,2007,8,Thunderstorm Wind,C,109,OKLAHOMA,0,0,0,0,400,0,52,
24,24,OKLAHOMA,40,2007,8,Flash Flood,C,37,CREEK,0,0,0,0,0,0,,
24,24,OKLAHOMA,40,2007,8,Flash Flood,C,143,TULSA,0,0,0,0,0,0,,
24,24,OKLAHOMA,40,2007,8,Flash Flood,C,111,OKMULGEE,0,0,0,0,0,0,,
24,24,OKLAHOMA,40,2007,8,Flash Flood,C,145,WAGONER,0,0,0,0,0,0,,
24,24,OKLAHOMA,40,2007,8,Flash Flood,C,97,MAYES,0,0,0,0,0,0,,
29,29,OKLAHOMA,40,2007,8,Thunderstorm Wind,C,143,TULSA,0,0,0,0,0,0,61,
6,6,OKLAHOMA,40,2007,9,Thunderstorm Wind,C,9,BECKHAM,0,0,0,0,1000,0,52,
6,6,OKLAHOMA,40,2007,9,Thunderstorm Wind,C,149,WASHITA,0,0,0,0,0,0,58,
6,6,OKLAHOMA,40,2007,9,Thunderstorm Wind,C,57,HARMON,0,0,0,0,0,0,52,
6,6,OKLAHOMA,40,2007,9,Thunderstorm Wind,C,75,KIOWA,0,0,0,0,10000,0,56,
7,7,OKLAHOMA,40,2007,9,Hail,C,123,PONTOTOC,0,0,0,0,0,0,1,
7,7,OKLAHOMA,40,2007,9,Thunderstorm Wind,C,15,CADDO,0,0,0,0,10000,0,56,
8,8,OKLAHOMA,40,2007,9,Flash Flood,C,43,DEWEY,0,0,0,0,0,0,,
8,8,OKLAHOMA,40,2007,9,Flash Flood,C,143,TULSA,0,0,0,0,30000,0,,
8,8,OKLAHOMA,40,2007,9,Flash Flood,C,145,WAGONER,0,0,0,0,0,0,,
8,8,OKLAHOMA,40,2007,9,Flash Flood,C,93,MAJOR,0,0,0,0,15000,0,,
8,8,OKLAHOMA,40,2007,9,Flood,C,47,GARFIELD,0,0,0,0,5000,0,,
8,8,OKLAHOMA,40,2007,9,Flash Flood,C,143,TULSA,0,0,0,0,0,0,,
8,8,OKLAHOMA,40,2007,9,Flash Flood,C,37,CREEK,0,0,0,0,25000,0,,
8,8,OKLAHOMA,40,2007,9,Flash Flood,C,131,ROGERS,0,0,0,0,0,0,,
8,8,OKLAHOMA,40,2007,9,Thunderstorm Wind,C,135,SEQUOYAH,0,0,0,0,1000,0,52,
9,9,OKLAHOMA,40,2007,9,Flash Flood,C,101,MUSKOGEE,0,0,0,0,0,0,,
9,9,OKLAHOMA,40,2007,9,Flash Flood,C,79,LE FLORE,0,0,0,0,50000,0,,
9,9,OKLAHOMA,40,2007,9,Flash Flood,C,127,PUSHMATAHA,0,0,0,0,0,0,,
9,9,OKLAHOMA,40,2007,9,Flash Flood,C,121,PITTSBURG,0,0,0,0,0,0,,
9,9,OKLAHOMA,40,2007,9,Flash Flood,C,89,MCCURTAIN,0,0,0,0,0,0,,
9,9,OKLAHOMA,40,2007,9,Flash Flood,C,57,HARMON,0,0,0,0,0,0,,
9,10,OKLAHOMA,40,2007,9,Heavy Rain,C,109,OKLAHOMA,0,0,0,0,0,0,,
9,10,OKLAHOMA,40,2007,9,Heavy Rain,C,109,OKLAHOMA,0,0,0,0,0,0,,
10,10,OKLAHOMA,40,2007,9,Flood,C,27,CLEVELAND,0,0,0,0,20000,0,,
25,25,OKLAHOMA,40,2007,9,Thunderstorm Wind,C,13,BRYAN,0,0,0,0,0,0,52,
26,26,OKLAHOMA,40,2007,9,Hail,C,45,ELLIS,1,0,0,0,15000,0,1.75,
26,26,OKLAHOMA,40,2007,9,Hail,C,129,ROGER MILLS,0,0,0,0,0,0,0.88,
26,26,OKLAHOMA,40,2007,9,Hail,C,129,ROGER MILLS,0,0,0,0,0,0,1,
26,26,OKLAHOMA,40,2007,9,Hail,C,9,BECKHAM,0,0,0,0,0,0,1.5,
26,26,OKLAHOMA,40,2007,9,Thunderstorm Wind,C,129,ROGER MILLS,0,0,0,0,0,0,52,
26,26,OKLAHOMA,40,2007,9,Hail,C,9,BECKHAM,0,0,0,0,0,0,0.88,
26,26,OKLAHOMA,40,2007,9,Hail,C,9,BECKHAM,0,0,0,0,0,0,1,
26,26,OKLAHOMA,40,2007,9,Thunderstorm Wind,C,149,WASHITA,0,0,0,0,0,0,57,
26,26,OKLAHOMA,40,2007,9,Hail,C,9,BECKHAM,0,0,0,0,0,0,0.88,
26,26,OKLAHOMA,40,2007,9,Hail,C,149,WASHITA,0,0,0,0,0,0,0.75,
26,26,OKLAHOMA,40,2007,9,Hail,C,9,BECKHAM,0,0,0,0,0,0,1,
26,26,OKLAHOMA,40,2007,9,Hail,C,75,KIOWA,0,0,0,0,0,0,0.75,
26,26,OKLAHOMA,40,2007,9,Thunderstorm Wind,C,75,KIOWA,0,0,0,0,8000,0,56,
26,26,OKLAHOMA,40,2007,9,Thunderstorm Wind,C,75,KIOWA,0,0,0,0,0,0,56,
26,26,OKLAHOMA,40,2007,9,Hail,C,31,COMANCHE,0,0,0,0,0,0,0.88,
26,26,OKLAHOMA,40,2007,9,Thunderstorm Wind,C,75,KIOWA,0,0,0,0,2000,0,56,
26,26,OKLAHOMA,40,2007,9,Thunderstorm Wind,C,75,KIOWA,0,0,0,0,8000,0,56,
27,27,OKLAHOMA,40,2007,9,Hail,C,127,PUSHMATAHA,0,0,0,0,0,0,0.88,
27,27,OKLAHOMA,40,2007,9,Thunderstorm Wind,C,127,PUSHMATAHA,0,0,0,0,0,0,57,
27,27,OKLAHOMA,40,2007,9,Hail,C,127,PUSHMATAHA,0,0,0,0,0,0,0.88,
27,27,OKLAHOMA,40,2007,9,Thunderstorm Wind,C,23,CHOCTAW,0,0,0,0,0,0,61,
27,27,OKLAHOMA,40,2007,9,Hail,C,23,CHOCTAW,0,0,0,0,0,0,0.88,
28,28,OKLAHOMA,40,2007,9,Hail,C,25,CIMARRON,0,0,0,0,0,0,0.75,
28,28,OKLAHOMA,40,2007,9,Thunderstorm Wind,C,25,CIMARRON,0,0,0,0,0,0,52,
28,28,OKLAHOMA,40,2007,9,Thunderstorm Wind,C,149,WASHITA,0,0,0,0,0,0,55,
30,30,OKLAHOMA,40,2007,9,Thunderstorm Wind,C,35,CRAIG,0,0,0,0,0,0,52,
30,30,OKLAHOMA,40,2007,9,Thunderstorm Wind,C,115,OTTAWA,0,0,0,0,0,0,61,
30,30,OKLAHOMA,40,2007,9,Thunderstorm Wind,C,1,ADAIR,0,0,0,0,0,0,61,
30,30,OKLAHOMA,40,2007,9,Thunderstorm Wind,C,21,CHEROKEE,0,0,0,0,0,0,52,
2,2,OKLAHOMA,40,2007,10,Thunderstorm Wind,C,31,COMANCHE,0,0,0,0,2000,0,65,
14,14,OKLAHOMA,40,2007,10,Hail,C,43,DEWEY,0,0,0,0,0,0,0.88,
14,14,OKLAHOMA,40,2007,10,Hail,C,43,DEWEY,0,0,0,0,0,0,0.75,
14,14,OKLAHOMA,40,2007,10,Thunderstorm Wind,C,3,ALFALFA,0,0,0,0,0,0,56,
14,14,OKLAHOMA,40,2007,10,Hail,C,3,ALFALFA,0,0,0,0,0,0,1,
14,14,OKLAHOMA,40,2007,10,Hail,C,65,JACKSON,0,0,0,0,0,0,0.75,
14,14,OKLAHOMA,40,2007,10,Thunderstorm Wind,C,65,JACKSON,0,0,0,0,0,0,55,
14,14,OKLAHOMA,40,2007,10,Hail,C,65,JACKSON,0,0,0,0,0,0,0.75,
14,14,OKLAHOMA,40,2007,10,Hail,C,53,GRANT,0,0,0,0,0,0,0.75,
14,14,OKLAHOMA,40,2007,10,Hail,C,75,KIOWA,0,0,0,0,0,0,1.75,
14,14,OKLAHOMA,40,2007,10,Hail,C,75,KIOWA,0,0,0,0,0,0,1.75,
14,14,OKLAHOMA,40,2007,10,Hail,C,75,KIOWA,0,0,0,0,0,0,0.75,
14,14,OKLAHOMA,40,2007,10,Hail,C,75,KIOWA,0,0,0,0,0,0,0.75,
14,14,OKLAHOMA,40,2007,10,Hail,C,141,TILLMAN,0,0,0,0,0,0,0.75,
14,14,OKLAHOMA,40,2007,10,Hail,C,15,CADDO,0,0,0,0,0,0,0.88,
14,14,OKLAHOMA,40,2007,10,Hail,C,15,CADDO,0,0,0,0,0,0,1,
14,14,OKLAHOMA,40,2007,10,Hail,C,17,CANADIAN,0,0,0,0,0,0,0.88,
14,14,OKLAHOMA,40,2007,10,Hail,C,15,CADDO,0,0,0,0,0,0,0.88,
14,14,OKLAHOMA,40,2007,10,Hail,C,31,COMANCHE,0,0,0,0,0,0,0.88,
14,14,OKLAHOMA,40,2007,10,Hail,C,141,TILLMAN,0,0,0,0,0,0,1,
14,14,OKLAHOMA,40,2007,10,Hail,C,141,TILLMAN,0,0,0,0,0,0,0.75,
14,14,OKLAHOMA,40,2007,10,Thunderstorm Wind,C,109,OKLAHOMA,0,0,0,0,10000,0,56,
14,14,OKLAHOMA,40,2007,10,Thunderstorm Wind,C,109,OKLAHOMA,0,0,0,0,5000,0,56,
14,14,OKLAHOMA,40,2007,10,Hail,C,141,TILLMAN,0,0,0,0,0,0,0.75,
14,14,OKLAHOMA,40,2007,10,Hail,C,17,CANADIAN,0,0,0,0,0,0,0.75,
14,14,OKLAHOMA,40,2007,10,Thunderstorm Wind,C,109,OKLAHOMA,0,0,0,0,0,0,52,
14,14,OKLAHOMA,40,2007,10,Hail,C,109,OKLAHOMA,0,0,0,0,0,0,0.75,
14,14,OKLAHOMA,40,2007,10,Hail,C,141,TILLMAN,0,0,0,0,0,0,0.88,
14,14,OKLAHOMA,40,2007,10,Hail,C,137,STEPHENS,0,0,0,0,0,0,1,
14,14,OKLAHOMA,40,2007,10,Hail,C,137,STEPHENS,0,0,0,0,0,0,1,
17,17,OKLAHOMA,40,2007,10,Thunderstorm Wind,C,25,CIMARRON,0,0,0,0,500,0,52,
17,17,OKLAHOMA,40,2007,10,Thunderstorm Wind,C,59,HARPER,0,0,0,0,0,0,55,
17,17,OKLAHOMA,40,2007,10,Thunderstorm Wind,C,117,PAWNEE,0,0,0,0,1000,0,61,
17,17,OKLAHOMA,40,2007,10,Thunderstorm Wind,C,39,CUSTER,0,0,0,0,0,0,63,
17,17,OKLAHOMA,40,2007,10,Thunderstorm Wind,C,39,CUSTER,0,0,0,0,0,0,52,
17,17,OKLAHOMA,40,2007,10,Hail,C,11,BLAINE,0,0,0,0,0,0,0.75,
17,17,OKLAHOMA,40,2007,10,Thunderstorm Wind,C,73,KINGFISHER,0,0,0,0,0,0,75,
17,17,OKLAHOMA,40,2007,10,Thunderstorm Wind,C,73,KINGFISHER,0,0,0,0,0,0,56,
17,17,OKLAHOMA,40,2007,10,Hail,C,113,OSAGE,0,0,0,0,0,0,0.75,
17,17,OKLAHOMA,40,2007,10,Hail,C,113,OSAGE,0,0,0,0,0,0,0.75,
17,17,OKLAHOMA,40,2007,10,Hail,C,113,OSAGE,0,0,0,0,0,0,0.88,
17,17,OKLAHOMA,40,2007,10,Hail,C,109,OKLAHOMA,0,0,0,0,0,0,1,
17,17,OKLAHOMA,40,2007,10,Hail,C,109,OKLAHOMA,0,0,0,0,0,0,0.75,
17,17,OKLAHOMA,40,2007,10,Hail,C,93,MAJOR,0,0,0,0,0,0,0.88,
17,17,OKLAHOMA,40,2007,10,Hail,C,11,BLAINE,0,0,0,0,0,0,1.25,
17,17,OKLAHOMA,40,2007,10,Thunderstorm Wind,C,143,TULSA,0,0,0,0,5000,0,61,
17,17,OKLAHOMA,40,2007,10,Thunderstorm Wind,C,143,TULSA,0,0,0,0,0,0,53,
17,17,OKLAHOMA,40,2007,10,Thunderstorm Wind,C,111,OKMULGEE,0,0,0,0,0,0,61,
17,17,OKLAHOMA,40,2007,10,Hail,C,17,CANADIAN,0,0,0,0,0,0,0.88,
17,17,OKLAHOMA,40,2007,10,Hail,C,143,TULSA,0,0,0,0,0,0,0.75,
17,17,OKLAHOMA,40,2007,10,Hail,C,109,OKLAHOMA,0,0,0,0,0,0,0.88,
17,17,OKLAHOMA,40,2007,10,Thunderstorm Wind,C,145,WAGONER,0,0,0,0,0,0,52,
17,17,OKLAHOMA,40,2007,10,Hail,C,109,OKLAHOMA,0,0,0,0,0,0,1,
17,17,OKLAHOMA,40,2007,10,Thunderstorm Wind,C,131,ROGERS,0,0,0,0,0,0,52,
17,17,OKLAHOMA,40,2007,10,Hail,C,109,OKLAHOMA,0,0,0,0,0,0,0.75,
17,17,OKLAHOMA,40,2007,10,Hail,C,47,GARFIELD,0,0,0,0,0,0,0.75,
17,17,OKLAHOMA,40,2007,10,Thunderstorm Wind,C,131,ROGERS,0,0,0,0,25000,0,70,
17,17,OKLAHOMA,40,2007,10,Thunderstorm Wind,C,131,ROGERS,0,0,0,0,0,0,61,
17,17,OKLAHOMA,40,2007,10,Thunderstorm Wind,C,105,NOWATA,0,0,0,0,0,0,52,
17,17,OKLAHOMA,40,2007,10,Hail,C,109,OKLAHOMA,0,0,0,0,0,0,1,
17,17,OKLAHOMA,40,2007,10,Thunderstorm Wind,C,35,CRAIG,0,0,0,0,0,0,53,
17,17,OKLAHOMA,40,2007,10,Thunderstorm Wind,C,83,LOGAN,0,0,0,0,15000,0,61,
17,17,OKLAHOMA,40,2007,10,Hail,C,23,CHOCTAW,0,0,0,0,0,0,0.75,
17,17,OKLAHOMA,40,2007,10,Hail,C,119,PAYNE,0,0,0,0,0,0,1,
17,17,OKLAHOMA,40,2007,10,Hail,C,119,PAYNE,0,0,0,0,0,0,0.75,
17,17,OKLAHOMA,40,2007,10,Tornado,C,23,CHOCTAW,0,0,0,0,0,0,,EF0
17,17,OKLAHOMA,40,2007,10,Hail,C,23,CHOCTAW,0,0,0,0,0,0,0.75,
17,17,OKLAHOMA,40,2007,10,Thunderstorm Wind,C,117,PAWNEE,0,0,0,0,1000,0,61,
17,17,OKLAHOMA,40,2007,10,Hail,C,113,OSAGE,0,0,0,0,0,0,0.75,
17,17,OKLAHOMA,40,2007,10,Thunderstorm Wind,C,113,OSAGE,0,0,0,0,0,0,52,
17,17,OKLAHOMA,40,2007,10,Thunderstorm Wind,C,117,PAWNEE,0,0,0,0,0,0,52,
17,17,OKLAHOMA,40,2007,10,Thunderstorm Wind,C,79,LE FLORE,0,0,0,0,1000,0,52,
17,17,OKLAHOMA,40,2007,10,Thunderstorm Wind,C,113,OSAGE,0,0,0,0,0,0,52,
17,17,OKLAHOMA,40,2007,10,Hail,C,147,WASHINGTON,0,0,0,0,0,0,0.75,
17,17,OKLAHOMA,40,2007,10,Thunderstorm Wind,C,147,WASHINGTON,0,0,0,0,0,0,57,
17,17,OKLAHOMA,40,2007,10,Hail,C,113,OSAGE,0,0,0,0,0,0,0.75,
17,17,OKLAHOMA,40,2007,10,Hail,C,107,OKFUSKEE,0,0,0,0,0,0,0.75,
17,17,OKLAHOMA,40,2007,10,Hail,C,37,CREEK,0,0,0,0,0,0,0.75,
17,17,OKLAHOMA,40,2007,10,Thunderstorm Wind,C,143,TULSA,50,0,0,0,100000,0,70,
17,17,OKLAHOMA,40,2007,10,Thunderstorm Wind,C,143,TULSA,0,0,0,0,0,0,74,
17,17,OKLAHOMA,40,2007,10,Thunderstorm Wind,C,143,TULSA,0,0,0,0,0,0,55,
17,17,OKLAHOMA,40,2007,10,Thunderstorm Wind,C,143,TULSA,0,0,0,0,25000,0,61,
17,17,OKLAHOMA,40,2007,10,Thunderstorm Wind,C,131,ROGERS,0,0,0,0,0,0,52,
17,17,OKLAHOMA,40,2007,10,Thunderstorm Wind,C,143,TULSA,0,0,0,0,0,0,52,
17,17,OKLAHOMA,40,2007,10,Hail,C,143,TULSA,0,0,0,0,0,0,1,
17,17,OKLAHOMA,40,2007,10,Thunderstorm Wind,C,147,WASHINGTON,0,0,0,0,0,0,61,
17,17,OKLAHOMA,40,2007,10,Thunderstorm Wind,C,145,WAGONER,0,0,0,0,1000,0,52,
17,17,OKLAHOMA,40,2007,10,Hail,C,131,ROGERS,0,0,0,0,0,0,1.25,
17,17,OKLAHOMA,40,2007,10,Hail,C,111,OKMULGEE,0,0,0,0,0,0,0.75,
17,17,OKLAHOMA,40,2007,10,Thunderstorm Wind,C,131,ROGERS,5,0,0,0,100000,0,70,
17,17,OKLAHOMA,40,2007,10,Hail,C,131,ROGERS,0,0,0,0,0,0,0.88,
17,17,OKLAHOMA,40,2007,10,Thunderstorm Wind,C,131,ROGERS,0,0,0,0,0,0,53,
17,17,OKLAHOMA,40,2007,10,Thunderstorm Wind,C,145,WAGONER,0,0,0,0,0,0,52,
17,17,OKLAHOMA,40,2007,10,Thunderstorm Wind,C,97,MAYES,0,0,0,0,1000,0,52,
17,17,OKLAHOMA,40,2007,10,Thunderstorm Wind,C,147,WASHINGTON,0,0,0,0,0,0,51,
17,17,OKLAHOMA,40,2007,10,Thunderstorm Wind,C,131,ROGERS,0,0,0,0,1000,0,61,
17,17,OKLAHOMA,40,2007,10,Hail,C,21,CHEROKEE,0,0,0,0,0,0,0.88,
17,17,OKLAHOMA,40,2007,10,Thunderstorm Wind,C,21,CHEROKEE,0,0,0,0,0,0,61,
17,17,OKLAHOMA,40,2007,10,Thunderstorm Wind,C,97,MAYES,0,0,0,0,0,0,61,
17,17,OKLAHOMA,40,2007,10,Thunderstorm Wind,C,101,MUSKOGEE,0,0,0,0,0,0,66,
17,17,OKLAHOMA,40,2007,10,Thunderstorm Wind,C,101,MUSKOGEE,0,0,0,0,0,0,61,
17,17,OKLAHOMA,40,2007,10,Thunderstorm Wind,C,35,CRAIG,0,0,0,0,0,0,64,
17,17,OKLAHOMA,40,2007,10,Thunderstorm Wind,C,91,MCINTOSH,0,0,0,0,0,0,57,
17,17,OKLAHOMA,40,2007,10,Thunderstorm Wind,C,91,MCINTOSH,0,0,0,0,0,0,61,
17,17,OKLAHOMA,40,2007,10,Thunderstorm Wind,C,145,WAGONER,0,0,0,0,0,0,54,
17,17,OKLAHOMA,40,2007,10,Thunderstorm Wind,C,91,MCINTOSH,0,0,0,0,100000,0,78,
17,17,OKLAHOMA,40,2007,10,Hail,C,101,MUSKOGEE,0,0,0,0,0,0,0.75,
17,17,OKLAHOMA,40,2007,10,Thunderstorm Wind,C,91,MCINTOSH,0,0,0,0,0,0,61,
17,17,OKLAHOMA,40,2007,10,Thunderstorm Wind,C,61,HASKELL,0,0,0,0,0,0,52,
17,17,OKLAHOMA,40,2007,10,Thunderstorm Wind,C,115,OTTAWA,0,0,0,0,0,0,61,
17,17,OKLAHOMA,40,2007,10,Thunderstorm Wind,C,41,DELAWARE,0,0,0,0,0,0,61,
17,17,OKLAHOMA,40,2007,10,Thunderstorm Wind,C,97,MAYES,0,0,0,0,10000,0,52,
17,17,OKLAHOMA,40,2007,10,Thunderstorm Wind,C,145,WAGONER,0,0,0,0,10000,0,61,
17,17,OKLAHOMA,40,2007,10,Thunderstorm Wind,C,101,MUSKOGEE,0,0,0,0,0,0,61,
17,17,OKLAHOMA,40,2007,10,Hail,C,101,MUSKOGEE,0,0,0,0,0,0,0.75,
17,17,OKLAHOMA,40,2007,10,Thunderstorm Wind,C,115,OTTAWA,0,0,0,0,0,0,52,
17,17,OKLAHOMA,40,2007,10,Thunderstorm Wind,C,21,CHEROKEE,0,0,0,0,0,0,61,
17,17,OKLAHOMA,40,2007,10,Thunderstorm Wind,C,135,SEQUOYAH,0,0,0,0,0,0,52,
17,17,OKLAHOMA,40,2007,10,Thunderstorm Wind,C,21,CHEROKEE,0,0,0,0,0,0,61,
17,17,OKLAHOMA,40,2007,10,Thunderstorm Wind,C,21,CHEROKEE,0,0,0,0,1000,0,52,
17,17,OKLAHOMA,40,2007,10,Thunderstorm Wind,C,1,ADAIR,0,0,0,0,0,0,56,
17,17,OKLAHOMA,40,2007,10,Thunderstorm Wind,C,135,SEQUOYAH,0,0,0,0,0,0,55,
17,17,OKLAHOMA,40,2007,10,Thunderstorm Wind,C,79,LE FLORE,0,0,0,0,1000,0,52,
21,21,OKLAHOMA,40,2007,10,Hail,C,17,CANADIAN,0,0,0,0,0,0,0.75,
21,21,OKLAHOMA,40,2007,10,Hail,C,17,CANADIAN,0,0,0,0,0,0,0.75,
21,21,OKLAHOMA,40,2007,10,Hail,C,83,LOGAN,0,0,0,0,0,0,0.88,
21,21,OKLAHOMA,40,2007,10,Hail,C,83,LOGAN,0,0,0,0,0,0,0.88,
21,21,OKLAHOMA,40,2007,10,Hail,C,15,CADDO,0,0,0,0,0,0,1.25,
21,21,OKLAHOMA,40,2007,10,Hail,C,83,LOGAN,0,0,0,0,0,0,0.88,
21,21,OKLAHOMA,40,2007,10,Hail,C,83,LOGAN,0,0,0,0,0,0,0.75,
21,21,OKLAHOMA,40,2007,10,Hail,C,83,LOGAN,0,0,0,0,0,0,0.88,
21,21,OKLAHOMA,40,2007,10,Hail,C,83,LOGAN,0,0,0,0,0,0,1,
21,21,OKLAHOMA,40,2007,10,Hail,C,119,PAYNE,0,0,0,0,0,0,0.88,
20,20,OKLAHOMA,40,2007,12,Hail,C,89,MCCURTAIN,0,0,0,0,0,0,0.75,
20,20,OKLAHOMA,40,2007,12,Hail,C,89,MCCURTAIN,0,0,0,0,0,0,0.75,
